accuracy,precision,recall,f1,pr_auc,confusion_matrix,roc_auc,method,scarcity,seed,institutions,lambda,partition_method,experiment,degradation_f1
0.9086744918408245,0.8333333333333334,0.08064516129032258,0.14705882352941177,0.49503639999227195,"[[6293, 11], [627, 55]]",0.8668843130833469,fedavg_boundary,0.1,42,3,0.0,graph_aware,lambda_ablation,
0.9085313484111079,0.864406779661017,0.0747800586510264,0.13765182186234817,0.4975033659071454,"[[6296, 8], [631, 51]]",0.8671920355925391,fedavg_boundary,0.1,42,3,0.01,graph_aware,lambda_ablation,
0.9079587746922416,0.8545454545454545,0.0689149560117302,0.12754409769335143,0.4990418568673637,"[[6296, 8], [635, 47]]",0.8679930910132934,fedavg_boundary,0.1,42,3,0.05,graph_aware,lambda_ablation,
0.9075293444030919,0.8461538461538461,0.06451612903225806,0.11989100817438691,0.5004731873479519,"[[6296, 8], [638, 44]]",0.8685350361730949,fedavg_boundary,0.1,42,3,0.1,graph_aware,lambda_ablation,
0.904093902089894,0.875,0.020527859237536656,0.04011461318051576,0.506413252470976,"[[6302, 2], [668, 14]]",0.8709170363368416,fedavg_boundary,0.1,42,3,0.5,graph_aware,lambda_ablation,
0.9028056112224448,0.8,0.005865102639296188,0.011644832605531296,0.4954224467783126,"[[6303, 1], [678, 4]]",0.8682433626836568,fedavg_boundary,0.1,42,3,1.0,graph_aware,lambda_ablation,
0.902089894073862,0.0,0.0,0.0,0.34839077768526894,"[[6302, 2], [682, 0]]",0.804656681230183,fedavg_boundary,0.1,43,3,0.0,graph_aware,lambda_ablation,
0.902089894073862,0.0,0.0,0.0,0.3486964746868556,"[[6302, 2], [682, 0]]",0.8047546035101298,fedavg_boundary,0.1,43,3,0.01,graph_aware,lambda_ablation,
0.902089894073862,0.0,0.0,0.0,0.34442861712452927,"[[6302, 2], [682, 0]]",0.8033597343584857,fedavg_boundary,0.1,43,3,0.05,graph_aware,lambda_ablation,
0.902089894073862,0.0,0.0,0.0,0.3383358894254113,"[[6302, 2], [682, 0]]",0.801341511975825,fedavg_boundary,0.1,43,3,0.1,graph_aware,lambda_ablation,
0.902089894073862,0.0,0.0,0.0,0.2888907360769365,"[[6302, 2], [682, 0]]",0.777546630543192,fedavg_boundary,0.1,43,3,0.5,graph_aware,lambda_ablation,
0.902089894073862,0.0,0.0,0.0,0.2589215085311629,"[[6302, 2], [682, 0]]",0.7534405376840287,fedavg_boundary,0.1,43,3,1.0,graph_aware,lambda_ablation,
0.9082450615516747,0.7252747252747253,0.0967741935483871,0.17076326002587322,0.4444215380922536,"[[6279, 25], [616, 66]]",0.8701429618768327,fedavg_boundary,0.1,44,3,0.0,graph_aware,lambda_ablation,
0.9083882049813914,0.7282608695652174,0.09824046920821114,0.1731266149870801,0.4452086406813012,"[[6279, 25], [615, 67]]",0.8702478619914554,fedavg_boundary,0.1,44,3,0.01,graph_aware,lambda_ablation,
0.9086744918408245,0.7682926829268293,0.09237536656891496,0.1649214659685864,0.4484090746926459,"[[6285, 19], [619, 63]]",0.8709393654078034,fedavg_boundary,0.1,44,3,0.05,graph_aware,lambda_ablation,
0.9081019181219582,0.7857142857142857,0.08064516129032258,0.14627659574468085,0.44792908112718244,"[[6289, 15], [627, 55]]",0.8708219051907647,fedavg_boundary,0.1,44,3,0.1,graph_aware,lambda_ablation,
0.9060979101059261,0.8421052631578947,0.0469208211143695,0.08888888888888889,0.44870070294201647,"[[6298, 6], [650, 32]]",0.8718957939473332,fedavg_boundary,0.1,44,3,0.5,graph_aware,lambda_ablation,
0.9052390495276267,1.0,0.02932551319648094,0.05698005698005698,0.4484496362756977,"[[6304, 0], [662, 20]]",0.8724214574928918,fedavg_boundary,0.1,44,3,1.0,graph_aware,lambda_ablation,
0.9046664758087604,0.7666666666666667,0.03372434017595308,0.06460674157303371,0.5307570854205669,"[[6297, 7], [659, 23]]",0.8826330533515935,fedavg_boundary,0.1,45,3,0.0,graph_aware,lambda_ablation,
0.9046664758087604,0.7857142857142857,0.03225806451612903,0.061971830985915494,0.5309478372653781,"[[6298, 6], [660, 22]]",0.8827870309034342,fedavg_boundary,0.1,45,3,0.01,graph_aware,lambda_ablation,
0.9046664758087604,0.7857142857142857,0.03225806451612903,0.061971830985915494,0.5294750417451277,"[[6298, 6], [660, 22]]",0.882849366226536,fedavg_boundary,0.1,45,3,0.05,graph_aware,lambda_ablation,
0.9046664758087604,0.8076923076923077,0.030791788856304986,0.059322033898305086,0.5270155189417396,"[[6299, 5], [661, 21]]",0.8830838214716346,fedavg_boundary,0.1,45,3,0.1,graph_aware,lambda_ablation,
0.9028056112224448,0.6666666666666666,0.008797653958944282,0.017366136034732273,0.5072580977774025,"[[6301, 3], [676, 6]]",0.8812028298375933,fedavg_boundary,0.1,45,3,0.5,graph_aware,lambda_ablation,
0.9023761809332952,0.5,0.001466275659824047,0.0029239766081871343,0.49278829956873593,"[[6303, 1], [681, 1]]",0.8815593971895141,fedavg_boundary,0.1,45,3,1.0,graph_aware,lambda_ablation,
0.9028056112224448,1.0,0.004398826979472141,0.008759124087591242,0.49304780788657304,"[[6304, 0], [679, 3]]",0.8862559451151436,fedavg_boundary,0.1,46,3,0.0,graph_aware,lambda_ablation,
0.9028056112224448,1.0,0.004398826979472141,0.008759124087591242,0.4933601283074201,"[[6304, 0], [679, 3]]",0.8863118840897926,fedavg_boundary,0.1,46,3,0.01,graph_aware,lambda_ablation,
0.9028056112224448,1.0,0.004398826979472141,0.008759124087591242,0.49015115316707547,"[[6304, 0], [679, 3]]",0.886039399645712,fedavg_boundary,0.1,46,3,0.05,graph_aware,lambda_ablation,
0.9028056112224448,1.0,0.004398826979472141,0.008759124087591242,0.4893167769527831,"[[6304, 0], [679, 3]]",0.8854495400211381,fedavg_boundary,0.1,46,3,0.1,graph_aware,lambda_ablation,
0.9023761809332952,0.0,0.0,0.0,0.28328041268662246,"[[6304, 0], [682, 0]]",0.7921013470012057,fedavg_boundary,0.1,46,3,0.5,graph_aware,lambda_ablation,
0.9023761809332952,0.0,0.0,0.0,0.2525475943573136,"[[6304, 0], [682, 0]]",0.7668465862572013,fedavg_boundary,0.1,46,3,1.0,graph_aware,lambda_ablation,
