scarcity,institutions,partition_method,comparison,metric,n_paired_seeds,mean_difference_first_minus_second,effect_direction,p_value,alpha,statistically_significant,test
0.01,3,graph_aware,local_only vs fedavg,f1,5,0.0,no_difference,1.0,0.05,False,paired two-sided Wilcoxon signed-rank
0.01,3,graph_aware,local_only vs fedavg,pr_auc,5,-0.04045462425718747,second_higher,0.8125,0.05,False,paired two-sided Wilcoxon signed-rank
0.01,3,graph_aware,local_only vs fedavg,roc_auc,5,0.015873317876654226,first_higher,0.625,0.05,False,paired two-sided Wilcoxon signed-rank
0.01,3,graph_aware,local_only vs fedavg,accuracy,5,0.0,no_difference,1.0,0.05,False,paired two-sided Wilcoxon signed-rank
0.01,3,graph_aware,local_only vs fedavg,precision,5,0.0,no_difference,1.0,0.05,False,paired two-sided Wilcoxon signed-rank
0.01,3,graph_aware,local_only vs fedavg,recall,5,0.0,no_difference,1.0,0.05,False,paired two-sided Wilcoxon signed-rank
0.01,3,graph_aware,fedavg_boundary vs fedavg,f1,5,0.0,no_difference,1.0,0.05,False,paired two-sided Wilcoxon signed-rank
0.01,3,graph_aware,fedavg_boundary vs fedavg,pr_auc,5,0.0213640510977318,first_higher,0.8125,0.05,False,paired two-sided Wilcoxon signed-rank
0.01,3,graph_aware,fedavg_boundary vs fedavg,roc_auc,5,0.019778788685115446,first_higher,1.0,0.05,False,paired two-sided Wilcoxon signed-rank
0.01,3,graph_aware,fedavg_boundary vs fedavg,accuracy,5,0.0,no_difference,1.0,0.05,False,paired two-sided Wilcoxon signed-rank
0.01,3,graph_aware,fedavg_boundary vs fedavg,precision,5,0.0,no_difference,1.0,0.05,False,paired two-sided Wilcoxon signed-rank
0.01,3,graph_aware,fedavg_boundary vs fedavg,recall,5,0.0,no_difference,1.0,0.05,False,paired two-sided Wilcoxon signed-rank
0.05,3,graph_aware,local_only vs fedavg,f1,5,-0.006403041954183961,second_higher,0.25,0.05,False,paired two-sided Wilcoxon signed-rank
0.05,3,graph_aware,local_only vs fedavg,pr_auc,5,-0.14391955872694068,second_higher,0.125,0.05,False,paired two-sided Wilcoxon signed-rank
0.05,3,graph_aware,local_only vs fedavg,roc_auc,5,-0.036837966305432034,second_higher,0.3125,0.05,False,paired two-sided Wilcoxon signed-rank
0.05,3,graph_aware,local_only vs fedavg,accuracy,5,-0.00037217291726308053,second_higher,0.25,0.05,False,paired two-sided Wilcoxon signed-rank
0.05,3,graph_aware,local_only vs fedavg,precision,5,-0.6,second_higher,0.25,0.05,False,paired two-sided Wilcoxon signed-rank
0.05,3,graph_aware,local_only vs fedavg,recall,5,-0.0032258064516129032,second_higher,0.25,0.05,False,paired two-sided Wilcoxon signed-rank
0.05,3,graph_aware,fedavg_boundary vs fedavg,f1,5,-0.0005754885746109967,second_higher,1.0,0.05,False,paired two-sided Wilcoxon signed-rank
0.05,3,graph_aware,fedavg_boundary vs fedavg,pr_auc,5,-0.006112102698687427,second_higher,0.125,0.05,False,paired two-sided Wilcoxon signed-rank
0.05,3,graph_aware,fedavg_boundary vs fedavg,roc_auc,5,-0.0003276325974664873,second_higher,0.3125,0.05,False,paired two-sided Wilcoxon signed-rank
0.05,3,graph_aware,fedavg_boundary vs fedavg,accuracy,5,-2.862868594331047e-05,second_higher,1.0,0.05,False,paired two-sided Wilcoxon signed-rank
0.05,3,graph_aware,fedavg_boundary vs fedavg,precision,5,0.0,no_difference,1.0,0.05,False,paired two-sided Wilcoxon signed-rank
0.05,3,graph_aware,fedavg_boundary vs fedavg,recall,5,-0.0002932551319648091,second_higher,1.0,0.05,False,paired two-sided Wilcoxon signed-rank
0.1,3,graph_aware,local_only vs fedavg,f1,5,-0.06497660047334222,second_higher,0.125,0.05,False,paired two-sided Wilcoxon signed-rank
0.1,3,graph_aware,local_only vs fedavg,pr_auc,5,-0.14892572268305065,second_higher,0.0625,0.05,False,paired two-sided Wilcoxon signed-rank
0.1,3,graph_aware,local_only vs fedavg,roc_auc,5,-0.045436170489899765,second_higher,0.125,0.05,False,paired two-sided Wilcoxon signed-rank
0.1,3,graph_aware,local_only vs fedavg,accuracy,5,-0.003492699685084433,second_higher,0.1875,0.05,False,paired two-sided Wilcoxon signed-rank
0.1,3,graph_aware,local_only vs fedavg,precision,5,-0.08742782641087728,second_higher,0.6875,0.05,False,paired two-sided Wilcoxon signed-rank
0.1,3,graph_aware,local_only vs fedavg,recall,5,-0.03607038123167155,second_higher,0.125,0.05,False,paired two-sided Wilcoxon signed-rank
0.1,3,graph_aware,fedavg_boundary vs fedavg,f1,5,-0.005598286096093077,second_higher,0.25,0.05,False,paired two-sided Wilcoxon signed-rank
0.1,3,graph_aware,fedavg_boundary vs fedavg,pr_auc,5,-2.9573096038471026e-05,second_higher,0.8125,0.05,False,paired two-sided Wilcoxon signed-rank
0.1,3,graph_aware,fedavg_boundary vs fedavg,roc_auc,5,0.00012160039894615338,first_higher,1.0,0.05,False,paired two-sided Wilcoxon signed-rank
0.1,3,graph_aware,fedavg_boundary vs fedavg,accuracy,5,-5.725737188662094e-05,second_higher,1.0,0.05,False,paired two-sided Wilcoxon signed-rank
0.1,3,graph_aware,fedavg_boundary vs fedavg,precision,5,0.016655539582368827,first_higher,0.25,0.05,False,paired two-sided Wilcoxon signed-rank
0.1,3,graph_aware,fedavg_boundary vs fedavg,recall,5,-0.003519061583577712,second_higher,0.25,0.05,False,paired two-sided Wilcoxon signed-rank
0.2,3,graph_aware,local_only vs fedavg,f1,5,-0.28120545024526067,second_higher,0.0625,0.05,False,paired two-sided Wilcoxon signed-rank
0.2,3,graph_aware,local_only vs fedavg,pr_auc,5,-0.11642162051427807,second_higher,0.0625,0.05,False,paired two-sided Wilcoxon signed-rank
0.2,3,graph_aware,local_only vs fedavg,roc_auc,5,-0.03692932942078382,second_higher,0.0625,0.05,False,paired two-sided Wilcoxon signed-rank
0.2,3,graph_aware,local_only vs fedavg,accuracy,5,-0.010105926137990284,second_higher,0.0625,0.05,False,paired two-sided Wilcoxon signed-rank
0.2,3,graph_aware,local_only vs fedavg,precision,5,-0.14742114365560272,second_higher,0.0625,0.05,False,paired two-sided Wilcoxon signed-rank
0.2,3,graph_aware,local_only vs fedavg,recall,5,-0.20850439882697946,second_higher,0.0625,0.05,False,paired two-sided Wilcoxon signed-rank
0.2,3,graph_aware,fedavg_boundary vs fedavg,f1,5,-0.004799938700157125,second_higher,0.125,0.05,False,paired two-sided Wilcoxon signed-rank
0.2,3,graph_aware,fedavg_boundary vs fedavg,pr_auc,5,0.00022806552780444412,first_higher,1.0,0.05,False,paired two-sided Wilcoxon signed-rank
0.2,3,graph_aware,fedavg_boundary vs fedavg,roc_auc,5,3.6401037557554085e-05,first_higher,0.8125,0.05,False,paired two-sided Wilcoxon signed-rank
0.2,3,graph_aware,fedavg_boundary vs fedavg,accuracy,5,-8.588605782993142e-05,second_higher,0.875,0.05,False,paired two-sided Wilcoxon signed-rank
0.2,3,graph_aware,fedavg_boundary vs fedavg,precision,5,0.0020490465938628466,first_higher,0.625,0.05,False,paired two-sided Wilcoxon signed-rank
0.2,3,graph_aware,fedavg_boundary vs fedavg,recall,5,-0.004985337243401755,second_higher,0.125,0.05,False,paired two-sided Wilcoxon signed-rank
0.5,3,graph_aware,local_only vs fedavg,f1,5,-0.19686415808353916,second_higher,0.0625,0.05,False,paired two-sided Wilcoxon signed-rank
0.5,3,graph_aware,local_only vs fedavg,pr_auc,5,-0.03201591084708355,second_higher,0.4375,0.05,False,paired two-sided Wilcoxon signed-rank
0.5,3,graph_aware,local_only vs fedavg,roc_auc,5,-0.01424759869449368,second_higher,0.3125,0.05,False,paired two-sided Wilcoxon signed-rank
0.5,3,graph_aware,local_only vs fedavg,accuracy,5,0.002891497280274824,first_higher,0.8125,0.05,False,paired two-sided Wilcoxon signed-rank
0.5,3,graph_aware,local_only vs fedavg,precision,5,0.087578821328515,first_higher,0.3125,0.05,False,paired two-sided Wilcoxon signed-rank
0.5,3,graph_aware,local_only vs fedavg,recall,5,-0.2419354838709677,second_higher,0.0625,0.05,False,paired two-sided Wilcoxon signed-rank
0.5,3,graph_aware,fedavg_boundary vs fedavg,f1,5,-0.0015856306482754379,second_higher,0.4375,0.05,False,paired two-sided Wilcoxon signed-rank
0.5,3,graph_aware,fedavg_boundary vs fedavg,pr_auc,5,0.00039531457964200325,first_higher,1.0,0.05,False,paired two-sided Wilcoxon signed-rank
0.5,3,graph_aware,fedavg_boundary vs fedavg,roc_auc,5,-7.77795971835804e-05,second_higher,0.8125,0.05,False,paired two-sided Wilcoxon signed-rank
0.5,3,graph_aware,fedavg_boundary vs fedavg,accuracy,5,-8.588605782993142e-05,second_higher,1.0,0.05,False,paired two-sided Wilcoxon signed-rank
0.5,3,graph_aware,fedavg_boundary vs fedavg,precision,5,1.7745361104704038e-05,first_higher,1.0,0.05,False,paired two-sided Wilcoxon signed-rank
0.5,3,graph_aware,fedavg_boundary vs fedavg,recall,5,-0.0026392961876832823,second_higher,0.25,0.05,False,paired two-sided Wilcoxon signed-rank
1.0,3,graph_aware,local_only vs fedavg,f1,5,-0.00175209726881958,second_higher,0.8125,0.05,False,paired two-sided Wilcoxon signed-rank
1.0,3,graph_aware,local_only vs fedavg,pr_auc,5,0.0673161540106658,first_higher,0.1875,0.05,False,paired two-sided Wilcoxon signed-rank
1.0,3,graph_aware,local_only vs fedavg,roc_auc,5,0.022995547211099022,first_higher,0.8125,0.05,False,paired two-sided Wilcoxon signed-rank
1.0,3,graph_aware,local_only vs fedavg,accuracy,5,0.041826510163183506,first_higher,0.1875,0.05,False,paired two-sided Wilcoxon signed-rank
1.0,3,graph_aware,local_only vs fedavg,precision,5,0.1581106532264013,first_higher,0.125,0.05,False,paired two-sided Wilcoxon signed-rank
1.0,3,graph_aware,local_only vs fedavg,recall,5,-0.2,second_higher,0.625,0.05,False,paired two-sided Wilcoxon signed-rank
1.0,3,graph_aware,fedavg_boundary vs fedavg,f1,5,0.0009858240884009107,first_higher,0.875,0.05,False,paired two-sided Wilcoxon signed-rank
1.0,3,graph_aware,fedavg_boundary vs fedavg,pr_auc,5,2.8288101511697584e-05,first_higher,1.0,0.05,False,paired two-sided Wilcoxon signed-rank
1.0,3,graph_aware,fedavg_boundary vs fedavg,roc_auc,5,-0.00012083283713175686,second_higher,0.4375,0.05,False,paired two-sided Wilcoxon signed-rank
1.0,3,graph_aware,fedavg_boundary vs fedavg,accuracy,5,0.00028628685943317135,first_higher,0.5,0.05,False,paired two-sided Wilcoxon signed-rank
1.0,3,graph_aware,fedavg_boundary vs fedavg,precision,5,0.001006845238196874,first_higher,0.875,0.05,False,paired two-sided Wilcoxon signed-rank
1.0,3,graph_aware,fedavg_boundary vs fedavg,recall,5,0.0008797653958944274,first_higher,1.0,0.05,False,paired two-sided Wilcoxon signed-rank
