experiment,method,scarcity,institutions,lambda,partition_method,accuracy_mean,accuracy_std,precision_mean,precision_std,recall_mean,recall_std,f1_mean,f1_std,pr_auc_mean,pr_auc_std,roc_auc_mean,roc_auc_std,degradation_f1_mean,degradation_f1_std
main_scarcity,fedavg,0.01,3,0.0,graph_aware,0.9023761809332951,0.0,0.0,0.0,0.0,0.0,0.0,0.0,0.25447696221743354,0.11128032464504786,0.7414251715616953,0.06382658281571343,0.38243206210043673,0.21757528025841733
main_scarcity,fedavg,0.05,3,0.0,graph_aware,0.9026910964786715,0.0004099004026131135,0.6,0.5477225575051662,0.0032258064516129032,0.004198774505359634,0.006403041954183961,0.008310783213019432,0.40967990790587905,0.11141669977228107,0.8284894523051045,0.06369428593691269,0.3760290201462528,0.21603344475817784
main_scarcity,fedavg,0.1,3,0.0,graph_aware,0.9052963068995133,0.0030409136317681527,0.6650549450549451,0.3862496762569421,0.04310850439882698,0.043971159917789125,0.07823758984318199,0.07815295826396365,0.46233072181538687,0.07070788097508347,0.86211459093142,0.03313770005066472,0.30419447225725477,0.2817160616748147
main_scarcity,fedavg,0.2,3,0.0,graph_aware,0.9131405668479816,0.005335238102610543,0.6397577449627923,0.08323955952313933,0.2624633431085044,0.01294979599168305,0.37142086772274013,0.02290745040545431,0.48666603939481695,0.05475888273503944,0.8783024230763505,0.010471667329599891,0.011011194377696631,0.1980808365842515
main_scarcity,fedavg,0.5,3,0.0,graph_aware,0.8986830804466075,0.018345102456763043,0.5121041394988066,0.12831734781155527,0.47624633431085045,0.06771431816979703,0.47988650435483227,0.02771872235595081,0.4712501579034285,0.05414581724335221,0.8830979864760259,0.01494534405082602,-0.09745444225439552,0.20077406414737495
main_scarcity,fedavg,1.0,3,0.0,graph_aware,0.8623532779845405,0.05112220849669339,0.4089405436561847,0.09440782949321953,0.530791788856305,0.30387479684532936,0.38243206210043673,0.21757528025841733,0.39430689883968617,0.085719713700675,0.8597243104038584,0.045250592455594034,0.0,0.0
main_scarcity,fedavg_boundary,0.01,3,0.05,graph_aware,0.9023761809332951,0.0,0.0,0.0,0.0,0.0,0.0,0.0,0.27584101331516536,0.12732106400099885,0.7612039602468107,0.08532102106747615,0.38341788618883765,0.21833015031299693
main_scarcity,fedavg_boundary,0.05,3,0.05,graph_aware,0.9026624677927284,0.00035062836283755456,0.6,0.5477225575051662,0.002932551319648094,0.0035916271888316396,0.005827553379572963,0.007120634068808922,0.40356780520719154,0.1158164209728043,0.828161819707638,0.06405739235918077,0.3775903328092647,0.21716059131891302
main_scarcity,fedavg_boundary,0.1,3,0.05,graph_aware,0.9052390495276267,0.0029734580701175363,0.6817104846373139,0.3918617724965355,0.039589442815249266,0.04032924498379785,0.0726393037470889,0.07245942768173483,0.46230114871934835,0.07198047949362714,0.862236191330366,0.03378912555818433,0.3107785824417487,0.27934765576748927
main_scarcity,fedavg_boundary,0.2,3,0.05,graph_aware,0.9130546807901517,0.004817791919373057,0.6418067915566551,0.08010291102528826,0.2574780058651026,0.012337644555989801,0.366620929022583,0.019519477635689286,0.48689410492262136,0.05547087780011089,0.8783388241139081,0.010677743572245393,0.016796957166254657,0.20160277570833934
main_scarcity,fedavg_boundary,0.5,3,0.05,graph_aware,0.8985971943887776,0.018553950758433774,0.5121218848599114,0.12948206850712485,0.4736070381231672,0.06796468436848556,0.47830087370655683,0.02951426614129768,0.47164547248307054,0.055845235413800806,0.8830202068788424,0.014966754735481487,-0.09488298751771918,0.2027543332027369
main_scarcity,fedavg_boundary,1.0,3,0.05,graph_aware,0.8626395648439736,0.051106674939438025,0.4099473888943816,0.0954404817294936,0.5316715542521994,0.30404384626536435,0.38341788618883765,0.21833015031299693,0.39433518694119785,0.08613419293312415,0.8596034775667267,0.04529977234510701,0.0,0.0
main_scarcity,local_only,0.01,3,0.0,graph_aware,0.9023761809332951,0.0,0.0,0.0,0.0,0.0,0.0,0.0,0.2140223379602461,0.012876533429621122,0.7572984894383495,0.012231307428205274,0.38067996483161715,0.1133064432623734
main_scarcity,local_only,0.05,3,0.0,graph_aware,0.9023189235614085,0.0001280313757515169,0.0,0.0,0.0,0.0,0.0,0.0,0.2657603491789383,0.015053305469038618,0.7916514859996725,0.01372559238317346,0.38067996483161715,0.1133064432623734
main_scarcity,local_only,0.1,3,0.0,graph_aware,0.9018036072144289,0.0016876361469441402,0.5776271186440678,0.4401013176290196,0.007038123167155426,0.010179797629155296,0.013260989369839774,0.018625519828477263,0.3134049991323362,0.02270662805158776,0.8166784204415201,0.015722830465449145,0.36741897546177743,0.10271111189014934
main_scarcity,local_only,0.2,3,0.0,graph_aware,0.9030346407099914,0.0012706751228841672,0.49233660130718954,0.08368714139637948,0.05395894428152492,0.0608848787822025,0.09021541747747941,0.09767386571822673,0.3702444188805389,0.016646908647888838,0.8413730936555666,0.012397972336986182,0.29046454735413774,0.08676320260944852
main_scarcity,local_only,0.5,3,0.0,graph_aware,0.9015745777268822,0.010150373171896277,0.5996829608273216,0.15200243433949737,0.2343108504398827,0.17478042767974583,0.2830223462712931,0.15808709696677314,0.43923424705634495,0.048703482420208735,0.8688503877815323,0.007850161674357495,0.0976576185603241,0.24921132508472987
main_scarcity,local_only,1.0,3,0.0,graph_aware,0.904179788147724,0.010873531454879416,0.5670511968825861,0.11032179685689764,0.330791788856305,0.17336066769861513,0.38067996483161715,0.1133064432623734,0.461623052850352,0.028893183462574766,0.8827198576149575,0.0036483012333332226,0.0,0.0
