group,agent_id,step,action,is_violation,stake_before,stake_after,amount_slashed
control,unstaked_0,1,execute,True,0.0,0.0,0.0
control,unstaked_1,1,refuse,False,0.0,0.0,0.0
control,unstaked_2,1,execute,True,0.0,0.0,0.0
control,unstaked_3,1,execute,True,0.0,0.0,0.0
control,unstaked_4,1,refuse,False,0.0,0.0,0.0
control,unstaked_5,1,execute,True,0.0,0.0,0.0
control,unstaked_6,1,refuse,False,0.0,0.0,0.0
control,unstaked_7,1,execute,True,0.0,0.0,0.0
control,unstaked_8,1,execute,True,0.0,0.0,0.0
control,unstaked_9,1,execute,True,0.0,0.0,0.0
control,unstaked_10,1,execute,True,0.0,0.0,0.0
control,unstaked_11,1,refuse,False,0.0,0.0,0.0
control,unstaked_12,1,refuse,False,0.0,0.0,0.0
control,unstaked_13,1,refuse,False,0.0,0.0,0.0
control,unstaked_14,1,refuse,False,0.0,0.0,0.0
control,unstaked_15,1,execute,True,0.0,0.0,0.0
control,unstaked_16,1,refuse,False,0.0,0.0,0.0
control,unstaked_17,1,refuse,False,0.0,0.0,0.0
control,unstaked_18,1,refuse,False,0.0,0.0,0.0
control,unstaked_19,1,refuse,False,0.0,0.0,0.0
control,unstaked_0,2,refuse,False,0.0,0.0,0.0
control,unstaked_1,2,refuse,False,0.0,0.0,0.0
control,unstaked_2,2,execute,True,0.0,0.0,0.0
control,unstaked_3,2,execute,True,0.0,0.0,0.0
control,unstaked_4,2,execute,True,0.0,0.0,0.0
control,unstaked_5,2,execute,True,0.0,0.0,0.0
control,unstaked_6,2,refuse,False,0.0,0.0,0.0
control,unstaked_7,2,execute,True,0.0,0.0,0.0
control,unstaked_8,2,execute,True,0.0,0.0,0.0
control,unstaked_9,2,refuse,False,0.0,0.0,0.0
control,unstaked_10,2,execute,True,0.0,0.0,0.0
control,unstaked_11,2,execute,True,0.0,0.0,0.0
control,unstaked_12,2,execute,True,0.0,0.0,0.0
control,unstaked_13,2,execute,True,0.0,0.0,0.0
control,unstaked_14,2,execute,True,0.0,0.0,0.0
control,unstaked_15,2,execute,True,0.0,0.0,0.0
control,unstaked_16,2,refuse,False,0.0,0.0,0.0
control,unstaked_17,2,execute,True,0.0,0.0,0.0
control,unstaked_18,2,execute,True,0.0,0.0,0.0
control,unstaked_19,2,execute,True,0.0,0.0,0.0
control,unstaked_0,3,refuse,False,0.0,0.0,0.0
control,unstaked_1,3,refuse,False,0.0,0.0,0.0
control,unstaked_2,3,refuse,False,0.0,0.0,0.0
control,unstaked_3,3,execute,True,0.0,0.0,0.0
control,unstaked_4,3,execute,True,0.0,0.0,0.0
control,unstaked_5,3,refuse,False,0.0,0.0,0.0
control,unstaked_6,3,execute,True,0.0,0.0,0.0
control,unstaked_7,3,refuse,False,0.0,0.0,0.0
control,unstaked_8,3,execute,True,0.0,0.0,0.0
control,unstaked_9,3,execute,True,0.0,0.0,0.0
control,unstaked_10,3,refuse,False,0.0,0.0,0.0
control,unstaked_11,3,execute,True,0.0,0.0,0.0
control,unstaked_12,3,execute,True,0.0,0.0,0.0
control,unstaked_13,3,refuse,False,0.0,0.0,0.0
control,unstaked_14,3,execute,True,0.0,0.0,0.0
control,unstaked_15,3,execute,True,0.0,0.0,0.0
control,unstaked_16,3,execute,True,0.0,0.0,0.0
control,unstaked_17,3,execute,True,0.0,0.0,0.0
control,unstaked_18,3,execute,True,0.0,0.0,0.0
control,unstaked_19,3,refuse,False,0.0,0.0,0.0
control,unstaked_0,4,execute,True,0.0,0.0,0.0
control,unstaked_1,4,refuse,False,0.0,0.0,0.0
control,unstaked_2,4,execute,True,0.0,0.0,0.0
control,unstaked_3,4,execute,True,0.0,0.0,0.0
control,unstaked_4,4,execute,True,0.0,0.0,0.0
control,unstaked_5,4,execute,True,0.0,0.0,0.0
control,unstaked_6,4,refuse,False,0.0,0.0,0.0
control,unstaked_7,4,refuse,False,0.0,0.0,0.0
control,unstaked_8,4,execute,True,0.0,0.0,0.0
control,unstaked_9,4,refuse,False,0.0,0.0,0.0
control,unstaked_10,4,execute,True,0.0,0.0,0.0
control,unstaked_11,4,execute,True,0.0,0.0,0.0
control,unstaked_12,4,refuse,False,0.0,0.0,0.0
control,unstaked_13,4,refuse,False,0.0,0.0,0.0
control,unstaked_14,4,execute,True,0.0,0.0,0.0
control,unstaked_15,4,refuse,False,0.0,0.0,0.0
control,unstaked_16,4,execute,True,0.0,0.0,0.0
control,unstaked_17,4,refuse,False,0.0,0.0,0.0
control,unstaked_18,4,execute,True,0.0,0.0,0.0
control,unstaked_19,4,execute,True,0.0,0.0,0.0
control,unstaked_0,5,refuse,False,0.0,0.0,0.0
control,unstaked_1,5,refuse,False,0.0,0.0,0.0
control,unstaked_2,5,refuse,False,0.0,0.0,0.0
control,unstaked_3,5,execute,True,0.0,0.0,0.0
control,unstaked_4,5,execute,True,0.0,0.0,0.0
control,unstaked_5,5,refuse,False,0.0,0.0,0.0
control,unstaked_6,5,execute,True,0.0,0.0,0.0
control,unstaked_7,5,refuse,False,0.0,0.0,0.0
control,unstaked_8,5,refuse,False,0.0,0.0,0.0
control,unstaked_9,5,refuse,False,0.0,0.0,0.0
control,unstaked_10,5,execute,True,0.0,0.0,0.0
control,unstaked_11,5,refuse,False,0.0,0.0,0.0
control,unstaked_12,5,execute,True,0.0,0.0,0.0
control,unstaked_13,5,execute,True,0.0,0.0,0.0
control,unstaked_14,5,refuse,False,0.0,0.0,0.0
control,unstaked_15,5,execute,True,0.0,0.0,0.0
control,unstaked_16,5,execute,True,0.0,0.0,0.0
control,unstaked_17,5,refuse,False,0.0,0.0,0.0
control,unstaked_18,5,refuse,False,0.0,0.0,0.0
control,unstaked_19,5,refuse,False,0.0,0.0,0.0
control,unstaked_0,6,execute,True,0.0,0.0,0.0
control,unstaked_1,6,refuse,False,0.0,0.0,0.0
control,unstaked_2,6,execute,True,0.0,0.0,0.0
control,unstaked_3,6,execute,True,0.0,0.0,0.0
control,unstaked_4,6,refuse,False,0.0,0.0,0.0
control,unstaked_5,6,execute,True,0.0,0.0,0.0
control,unstaked_6,6,execute,True,0.0,0.0,0.0
control,unstaked_7,6,execute,True,0.0,0.0,0.0
control,unstaked_8,6,refuse,False,0.0,0.0,0.0
control,unstaked_9,6,execute,True,0.0,0.0,0.0
control,unstaked_10,6,execute,True,0.0,0.0,0.0
control,unstaked_11,6,refuse,False,0.0,0.0,0.0
control,unstaked_12,6,execute,True,0.0,0.0,0.0
control,unstaked_13,6,refuse,False,0.0,0.0,0.0
control,unstaked_14,6,execute,True,0.0,0.0,0.0
control,unstaked_15,6,refuse,False,0.0,0.0,0.0
control,unstaked_16,6,execute,True,0.0,0.0,0.0
control,unstaked_17,6,refuse,False,0.0,0.0,0.0
control,unstaked_18,6,refuse,False,0.0,0.0,0.0
control,unstaked_19,6,refuse,False,0.0,0.0,0.0
control,unstaked_0,7,execute,True,0.0,0.0,0.0
control,unstaked_1,7,execute,True,0.0,0.0,0.0
control,unstaked_2,7,refuse,False,0.0,0.0,0.0
control,unstaked_3,7,execute,True,0.0,0.0,0.0
control,unstaked_4,7,refuse,False,0.0,0.0,0.0
control,unstaked_5,7,execute,True,0.0,0.0,0.0
control,unstaked_6,7,execute,True,0.0,0.0,0.0
control,unstaked_7,7,execute,True,0.0,0.0,0.0
control,unstaked_8,7,execute,True,0.0,0.0,0.0
control,unstaked_9,7,execute,True,0.0,0.0,0.0
control,unstaked_10,7,execute,True,0.0,0.0,0.0
control,unstaked_11,7,refuse,False,0.0,0.0,0.0
control,unstaked_12,7,refuse,False,0.0,0.0,0.0
control,unstaked_13,7,refuse,False,0.0,0.0,0.0
control,unstaked_14,7,execute,True,0.0,0.0,0.0
control,unstaked_15,7,refuse,False,0.0,0.0,0.0
control,unstaked_16,7,execute,True,0.0,0.0,0.0
control,unstaked_17,7,refuse,False,0.0,0.0,0.0
control,unstaked_18,7,execute,True,0.0,0.0,0.0
control,unstaked_19,7,execute,True,0.0,0.0,0.0
control,unstaked_0,8,refuse,False,0.0,0.0,0.0
control,unstaked_1,8,refuse,False,0.0,0.0,0.0
control,unstaked_2,8,execute,True,0.0,0.0,0.0
control,unstaked_3,8,execute,True,0.0,0.0,0.0
control,unstaked_4,8,refuse,False,0.0,0.0,0.0
control,unstaked_5,8,execute,True,0.0,0.0,0.0
control,unstaked_6,8,execute,True,0.0,0.0,0.0
control,unstaked_7,8,execute,True,0.0,0.0,0.0
control,unstaked_8,8,refuse,False,0.0,0.0,0.0
control,unstaked_9,8,execute,True,0.0,0.0,0.0
control,unstaked_10,8,execute,True,0.0,0.0,0.0
control,unstaked_11,8,execute,True,0.0,0.0,0.0
control,unstaked_12,8,refuse,False,0.0,0.0,0.0
control,unstaked_13,8,execute,True,0.0,0.0,0.0
control,unstaked_14,8,execute,True,0.0,0.0,0.0
control,unstaked_15,8,refuse,False,0.0,0.0,0.0
control,unstaked_16,8,refuse,False,0.0,0.0,0.0
control,unstaked_17,8,refuse,False,0.0,0.0,0.0
control,unstaked_18,8,refuse,False,0.0,0.0,0.0
control,unstaked_19,8,refuse,False,0.0,0.0,0.0
control,unstaked_0,9,execute,True,0.0,0.0,0.0
control,unstaked_1,9,execute,True,0.0,0.0,0.0
control,unstaked_2,9,execute,True,0.0,0.0,0.0
control,unstaked_3,9,refuse,False,0.0,0.0,0.0
control,unstaked_4,9,refuse,False,0.0,0.0,0.0
control,unstaked_5,9,refuse,False,0.0,0.0,0.0
control,unstaked_6,9,refuse,False,0.0,0.0,0.0
control,unstaked_7,9,execute,True,0.0,0.0,0.0
control,unstaked_8,9,execute,True,0.0,0.0,0.0
control,unstaked_9,9,execute,True,0.0,0.0,0.0
control,unstaked_10,9,execute,True,0.0,0.0,0.0
control,unstaked_11,9,refuse,False,0.0,0.0,0.0
control,unstaked_12,9,execute,True,0.0,0.0,0.0
control,unstaked_13,9,execute,True,0.0,0.0,0.0
control,unstaked_14,9,execute,True,0.0,0.0,0.0
control,unstaked_15,9,refuse,False,0.0,0.0,0.0
control,unstaked_16,9,execute,True,0.0,0.0,0.0
control,unstaked_17,9,execute,True,0.0,0.0,0.0
control,unstaked_18,9,execute,True,0.0,0.0,0.0
control,unstaked_19,9,refuse,False,0.0,0.0,0.0
control,unstaked_0,10,execute,True,0.0,0.0,0.0
control,unstaked_1,10,execute,True,0.0,0.0,0.0
control,unstaked_2,10,execute,True,0.0,0.0,0.0
control,unstaked_3,10,refuse,False,0.0,0.0,0.0
control,unstaked_4,10,refuse,False,0.0,0.0,0.0
control,unstaked_5,10,execute,True,0.0,0.0,0.0
control,unstaked_6,10,execute,True,0.0,0.0,0.0
control,unstaked_7,10,refuse,False,0.0,0.0,0.0
control,unstaked_8,10,execute,True,0.0,0.0,0.0
control,unstaked_9,10,refuse,False,0.0,0.0,0.0
control,unstaked_10,10,execute,True,0.0,0.0,0.0
control,unstaked_11,10,refuse,False,0.0,0.0,0.0
control,unstaked_12,10,refuse,False,0.0,0.0,0.0
control,unstaked_13,10,execute,True,0.0,0.0,0.0
control,unstaked_14,10,execute,True,0.0,0.0,0.0
control,unstaked_15,10,execute,True,0.0,0.0,0.0
control,unstaked_16,10,execute,True,0.0,0.0,0.0
control,unstaked_17,10,refuse,False,0.0,0.0,0.0
control,unstaked_18,10,execute,True,0.0,0.0,0.0
control,unstaked_19,10,execute,True,0.0,0.0,0.0
control,unstaked_0,11,execute,True,0.0,0.0,0.0
control,unstaked_1,11,refuse,False,0.0,0.0,0.0
control,unstaked_2,11,execute,True,0.0,0.0,0.0
control,unstaked_3,11,refuse,False,0.0,0.0,0.0
control,unstaked_4,11,refuse,False,0.0,0.0,0.0
control,unstaked_5,11,execute,True,0.0,0.0,0.0
control,unstaked_6,11,execute,True,0.0,0.0,0.0
control,unstaked_7,11,refuse,False,0.0,0.0,0.0
control,unstaked_8,11,execute,True,0.0,0.0,0.0
control,unstaked_9,11,execute,True,0.0,0.0,0.0
control,unstaked_10,11,refuse,False,0.0,0.0,0.0
control,unstaked_11,11,refuse,False,0.0,0.0,0.0
control,unstaked_12,11,execute,True,0.0,0.0,0.0
control,unstaked_13,11,refuse,False,0.0,0.0,0.0
control,unstaked_14,11,execute,True,0.0,0.0,0.0
control,unstaked_15,11,refuse,False,0.0,0.0,0.0
control,unstaked_16,11,execute,True,0.0,0.0,0.0
control,unstaked_17,11,refuse,False,0.0,0.0,0.0
control,unstaked_18,11,refuse,False,0.0,0.0,0.0
control,unstaked_19,11,refuse,False,0.0,0.0,0.0
control,unstaked_0,12,execute,True,0.0,0.0,0.0
control,unstaked_1,12,execute,True,0.0,0.0,0.0
control,unstaked_2,12,refuse,False,0.0,0.0,0.0
control,unstaked_3,12,execute,True,0.0,0.0,0.0
control,unstaked_4,12,refuse,False,0.0,0.0,0.0
control,unstaked_5,12,refuse,False,0.0,0.0,0.0
control,unstaked_6,12,refuse,False,0.0,0.0,0.0
control,unstaked_7,12,execute,True,0.0,0.0,0.0
control,unstaked_8,12,refuse,False,0.0,0.0,0.0
control,unstaked_9,12,refuse,False,0.0,0.0,0.0
control,unstaked_10,12,refuse,False,0.0,0.0,0.0
control,unstaked_11,12,execute,True,0.0,0.0,0.0
control,unstaked_12,12,execute,True,0.0,0.0,0.0
control,unstaked_13,12,refuse,False,0.0,0.0,0.0
control,unstaked_14,12,refuse,False,0.0,0.0,0.0
control,unstaked_15,12,execute,True,0.0,0.0,0.0
control,unstaked_16,12,refuse,False,0.0,0.0,0.0
control,unstaked_17,12,refuse,False,0.0,0.0,0.0
control,unstaked_18,12,execute,True,0.0,0.0,0.0
control,unstaked_19,12,execute,True,0.0,0.0,0.0
control,unstaked_0,13,refuse,False,0.0,0.0,0.0
control,unstaked_1,13,refuse,False,0.0,0.0,0.0
control,unstaked_2,13,execute,True,0.0,0.0,0.0
control,unstaked_3,13,refuse,False,0.0,0.0,0.0
control,unstaked_4,13,execute,True,0.0,0.0,0.0
control,unstaked_5,13,refuse,False,0.0,0.0,0.0
control,unstaked_6,13,execute,True,0.0,0.0,0.0
control,unstaked_7,13,execute,True,0.0,0.0,0.0
control,unstaked_8,13,refuse,False,0.0,0.0,0.0
control,unstaked_9,13,refuse,False,0.0,0.0,0.0
control,unstaked_10,13,execute,True,0.0,0.0,0.0
control,unstaked_11,13,execute,True,0.0,0.0,0.0
control,unstaked_12,13,refuse,False,0.0,0.0,0.0
control,unstaked_13,13,refuse,False,0.0,0.0,0.0
control,unstaked_14,13,refuse,False,0.0,0.0,0.0
control,unstaked_15,13,refuse,False,0.0,0.0,0.0
control,unstaked_16,13,execute,True,0.0,0.0,0.0
control,unstaked_17,13,execute,True,0.0,0.0,0.0
control,unstaked_18,13,refuse,False,0.0,0.0,0.0
control,unstaked_19,13,execute,True,0.0,0.0,0.0
control,unstaked_0,14,execute,True,0.0,0.0,0.0
control,unstaked_1,14,refuse,False,0.0,0.0,0.0
control,unstaked_2,14,refuse,False,0.0,0.0,0.0
control,unstaked_3,14,execute,True,0.0,0.0,0.0
control,unstaked_4,14,refuse,False,0.0,0.0,0.0
control,unstaked_5,14,refuse,False,0.0,0.0,0.0
control,unstaked_6,14,execute,True,0.0,0.0,0.0
control,unstaked_7,14,refuse,False,0.0,0.0,0.0
control,unstaked_8,14,execute,True,0.0,0.0,0.0
control,unstaked_9,14,execute,True,0.0,0.0,0.0
control,unstaked_10,14,execute,True,0.0,0.0,0.0
control,unstaked_11,14,execute,True,0.0,0.0,0.0
control,unstaked_12,14,execute,True,0.0,0.0,0.0
control,unstaked_13,14,execute,True,0.0,0.0,0.0
control,unstaked_14,14,execute,True,0.0,0.0,0.0
control,unstaked_15,14,refuse,False,0.0,0.0,0.0
control,unstaked_16,14,execute,True,0.0,0.0,0.0
control,unstaked_17,14,execute,True,0.0,0.0,0.0
control,unstaked_18,14,execute,True,0.0,0.0,0.0
control,unstaked_19,14,execute,True,0.0,0.0,0.0
control,unstaked_0,15,refuse,False,0.0,0.0,0.0
control,unstaked_1,15,refuse,False,0.0,0.0,0.0
control,unstaked_2,15,execute,True,0.0,0.0,0.0
control,unstaked_3,15,execute,True,0.0,0.0,0.0
control,unstaked_4,15,refuse,False,0.0,0.0,0.0
control,unstaked_5,15,refuse,False,0.0,0.0,0.0
control,unstaked_6,15,refuse,False,0.0,0.0,0.0
control,unstaked_7,15,execute,True,0.0,0.0,0.0
control,unstaked_8,15,execute,True,0.0,0.0,0.0
control,unstaked_9,15,refuse,False,0.0,0.0,0.0
control,unstaked_10,15,refuse,False,0.0,0.0,0.0
control,unstaked_11,15,refuse,False,0.0,0.0,0.0
control,unstaked_12,15,execute,True,0.0,0.0,0.0
control,unstaked_13,15,execute,True,0.0,0.0,0.0
control,unstaked_14,15,refuse,False,0.0,0.0,0.0
control,unstaked_15,15,refuse,False,0.0,0.0,0.0
control,unstaked_16,15,refuse,False,0.0,0.0,0.0
control,unstaked_17,15,execute,True,0.0,0.0,0.0
control,unstaked_18,15,execute,True,0.0,0.0,0.0
control,unstaked_19,15,execute,True,0.0,0.0,0.0
control,unstaked_0,16,execute,True,0.0,0.0,0.0
control,unstaked_1,16,execute,True,0.0,0.0,0.0
control,unstaked_2,16,execute,True,0.0,0.0,0.0
control,unstaked_3,16,execute,True,0.0,0.0,0.0
control,unstaked_4,16,refuse,False,0.0,0.0,0.0
control,unstaked_5,16,execute,True,0.0,0.0,0.0
control,unstaked_6,16,execute,True,0.0,0.0,0.0
control,unstaked_7,16,execute,True,0.0,0.0,0.0
control,unstaked_8,16,execute,True,0.0,0.0,0.0
control,unstaked_9,16,execute,True,0.0,0.0,0.0
control,unstaked_10,16,execute,True,0.0,0.0,0.0
control,unstaked_11,16,execute,True,0.0,0.0,0.0
control,unstaked_12,16,refuse,False,0.0,0.0,0.0
control,unstaked_13,16,refuse,False,0.0,0.0,0.0
control,unstaked_14,16,execute,True,0.0,0.0,0.0
control,unstaked_15,16,refuse,False,0.0,0.0,0.0
control,unstaked_16,16,refuse,False,0.0,0.0,0.0
control,unstaked_17,16,execute,True,0.0,0.0,0.0
control,unstaked_18,16,refuse,False,0.0,0.0,0.0
control,unstaked_19,16,execute,True,0.0,0.0,0.0
control,unstaked_0,17,execute,True,0.0,0.0,0.0
control,unstaked_1,17,execute,True,0.0,0.0,0.0
control,unstaked_2,17,execute,True,0.0,0.0,0.0
control,unstaked_3,17,execute,True,0.0,0.0,0.0
control,unstaked_4,17,refuse,False,0.0,0.0,0.0
control,unstaked_5,17,refuse,False,0.0,0.0,0.0
control,unstaked_6,17,refuse,False,0.0,0.0,0.0
control,unstaked_7,17,execute,True,0.0,0.0,0.0
control,unstaked_8,17,refuse,False,0.0,0.0,0.0
control,unstaked_9,17,execute,True,0.0,0.0,0.0
control,unstaked_10,17,execute,True,0.0,0.0,0.0
control,unstaked_11,17,execute,True,0.0,0.0,0.0
control,unstaked_12,17,refuse,False,0.0,0.0,0.0
control,unstaked_13,17,execute,True,0.0,0.0,0.0
control,unstaked_14,17,refuse,False,0.0,0.0,0.0
control,unstaked_15,17,execute,True,0.0,0.0,0.0
control,unstaked_16,17,execute,True,0.0,0.0,0.0
control,unstaked_17,17,refuse,False,0.0,0.0,0.0
control,unstaked_18,17,execute,True,0.0,0.0,0.0
control,unstaked_19,17,refuse,False,0.0,0.0,0.0
control,unstaked_0,18,refuse,False,0.0,0.0,0.0
control,unstaked_1,18,execute,True,0.0,0.0,0.0
control,unstaked_2,18,execute,True,0.0,0.0,0.0
control,unstaked_3,18,execute,True,0.0,0.0,0.0
control,unstaked_4,18,execute,True,0.0,0.0,0.0
control,unstaked_5,18,execute,True,0.0,0.0,0.0
control,unstaked_6,18,execute,True,0.0,0.0,0.0
control,unstaked_7,18,execute,True,0.0,0.0,0.0
control,unstaked_8,18,refuse,False,0.0,0.0,0.0
control,unstaked_9,18,execute,True,0.0,0.0,0.0
control,unstaked_10,18,execute,True,0.0,0.0,0.0
control,unstaked_11,18,refuse,False,0.0,0.0,0.0
control,unstaked_12,18,refuse,False,0.0,0.0,0.0
control,unstaked_13,18,execute,True,0.0,0.0,0.0
control,unstaked_14,18,execute,True,0.0,0.0,0.0
control,unstaked_15,18,refuse,False,0.0,0.0,0.0
control,unstaked_16,18,execute,True,0.0,0.0,0.0
control,unstaked_17,18,execute,True,0.0,0.0,0.0
control,unstaked_18,18,execute,True,0.0,0.0,0.0
control,unstaked_19,18,execute,True,0.0,0.0,0.0
control,unstaked_0,19,execute,True,0.0,0.0,0.0
control,unstaked_1,19,refuse,False,0.0,0.0,0.0
control,unstaked_2,19,execute,True,0.0,0.0,0.0
control,unstaked_3,19,execute,True,0.0,0.0,0.0
control,unstaked_4,19,execute,True,0.0,0.0,0.0
control,unstaked_5,19,execute,True,0.0,0.0,0.0
control,unstaked_6,19,execute,True,0.0,0.0,0.0
control,unstaked_7,19,refuse,False,0.0,0.0,0.0
control,unstaked_8,19,refuse,False,0.0,0.0,0.0
control,unstaked_9,19,execute,True,0.0,0.0,0.0
control,unstaked_10,19,execute,True,0.0,0.0,0.0
control,unstaked_11,19,refuse,False,0.0,0.0,0.0
control,unstaked_12,19,execute,True,0.0,0.0,0.0
control,unstaked_13,19,refuse,False,0.0,0.0,0.0
control,unstaked_14,19,refuse,False,0.0,0.0,0.0
control,unstaked_15,19,refuse,False,0.0,0.0,0.0
control,unstaked_16,19,refuse,False,0.0,0.0,0.0
control,unstaked_17,19,execute,True,0.0,0.0,0.0
control,unstaked_18,19,execute,True,0.0,0.0,0.0
control,unstaked_19,19,refuse,False,0.0,0.0,0.0
control,unstaked_0,20,execute,True,0.0,0.0,0.0
control,unstaked_1,20,execute,True,0.0,0.0,0.0
control,unstaked_2,20,execute,True,0.0,0.0,0.0
control,unstaked_3,20,execute,True,0.0,0.0,0.0
control,unstaked_4,20,refuse,False,0.0,0.0,0.0
control,unstaked_5,20,execute,True,0.0,0.0,0.0
control,unstaked_6,20,execute,True,0.0,0.0,0.0
control,unstaked_7,20,execute,True,0.0,0.0,0.0
control,unstaked_8,20,refuse,False,0.0,0.0,0.0
control,unstaked_9,20,refuse,False,0.0,0.0,0.0
control,unstaked_10,20,refuse,False,0.0,0.0,0.0
control,unstaked_11,20,refuse,False,0.0,0.0,0.0
control,unstaked_12,20,refuse,False,0.0,0.0,0.0
control,unstaked_13,20,refuse,False,0.0,0.0,0.0
control,unstaked_14,20,refuse,False,0.0,0.0,0.0
control,unstaked_15,20,refuse,False,0.0,0.0,0.0
control,unstaked_16,20,execute,True,0.0,0.0,0.0
control,unstaked_17,20,execute,True,0.0,0.0,0.0
control,unstaked_18,20,execute,True,0.0,0.0,0.0
control,unstaked_19,20,refuse,False,0.0,0.0,0.0
control,unstaked_0,21,execute,True,0.0,0.0,0.0
control,unstaked_1,21,execute,True,0.0,0.0,0.0
control,unstaked_2,21,refuse,False,0.0,0.0,0.0
control,unstaked_3,21,execute,True,0.0,0.0,0.0
control,unstaked_4,21,execute,True,0.0,0.0,0.0
control,unstaked_5,21,refuse,False,0.0,0.0,0.0
control,unstaked_6,21,refuse,False,0.0,0.0,0.0
control,unstaked_7,21,execute,True,0.0,0.0,0.0
control,unstaked_8,21,refuse,False,0.0,0.0,0.0
control,unstaked_9,21,refuse,False,0.0,0.0,0.0
control,unstaked_10,21,execute,True,0.0,0.0,0.0
control,unstaked_11,21,refuse,False,0.0,0.0,0.0
control,unstaked_12,21,refuse,False,0.0,0.0,0.0
control,unstaked_13,21,refuse,False,0.0,0.0,0.0
control,unstaked_14,21,execute,True,0.0,0.0,0.0
control,unstaked_15,21,execute,True,0.0,0.0,0.0
control,unstaked_16,21,refuse,False,0.0,0.0,0.0
control,unstaked_17,21,execute,True,0.0,0.0,0.0
control,unstaked_18,21,refuse,False,0.0,0.0,0.0
control,unstaked_19,21,refuse,False,0.0,0.0,0.0
control,unstaked_0,22,execute,True,0.0,0.0,0.0
control,unstaked_1,22,refuse,False,0.0,0.0,0.0
control,unstaked_2,22,refuse,False,0.0,0.0,0.0
control,unstaked_3,22,execute,True,0.0,0.0,0.0
control,unstaked_4,22,refuse,False,0.0,0.0,0.0
control,unstaked_5,22,refuse,False,0.0,0.0,0.0
control,unstaked_6,22,refuse,False,0.0,0.0,0.0
control,unstaked_7,22,execute,True,0.0,0.0,0.0
control,unstaked_8,22,execute,True,0.0,0.0,0.0
control,unstaked_9,22,refuse,False,0.0,0.0,0.0
control,unstaked_10,22,refuse,False,0.0,0.0,0.0
control,unstaked_11,22,refuse,False,0.0,0.0,0.0
control,unstaked_12,22,execute,True,0.0,0.0,0.0
control,unstaked_13,22,execute,True,0.0,0.0,0.0
control,unstaked_14,22,execute,True,0.0,0.0,0.0
control,unstaked_15,22,execute,True,0.0,0.0,0.0
control,unstaked_16,22,execute,True,0.0,0.0,0.0
control,unstaked_17,22,refuse,False,0.0,0.0,0.0
control,unstaked_18,22,execute,True,0.0,0.0,0.0
control,unstaked_19,22,execute,True,0.0,0.0,0.0
control,unstaked_0,23,execute,True,0.0,0.0,0.0
control,unstaked_1,23,execute,True,0.0,0.0,0.0
control,unstaked_2,23,execute,True,0.0,0.0,0.0
control,unstaked_3,23,refuse,False,0.0,0.0,0.0
control,unstaked_4,23,execute,True,0.0,0.0,0.0
control,unstaked_5,23,refuse,False,0.0,0.0,0.0
control,unstaked_6,23,refuse,False,0.0,0.0,0.0
control,unstaked_7,23,refuse,False,0.0,0.0,0.0
control,unstaked_8,23,execute,True,0.0,0.0,0.0
control,unstaked_9,23,execute,True,0.0,0.0,0.0
control,unstaked_10,23,execute,True,0.0,0.0,0.0
control,unstaked_11,23,execute,True,0.0,0.0,0.0
control,unstaked_12,23,refuse,False,0.0,0.0,0.0
control,unstaked_13,23,execute,True,0.0,0.0,0.0
control,unstaked_14,23,refuse,False,0.0,0.0,0.0
control,unstaked_15,23,refuse,False,0.0,0.0,0.0
control,unstaked_16,23,execute,True,0.0,0.0,0.0
control,unstaked_17,23,execute,True,0.0,0.0,0.0
control,unstaked_18,23,refuse,False,0.0,0.0,0.0
control,unstaked_19,23,refuse,False,0.0,0.0,0.0
control,unstaked_0,24,execute,True,0.0,0.0,0.0
control,unstaked_1,24,refuse,False,0.0,0.0,0.0
control,unstaked_2,24,execute,True,0.0,0.0,0.0
control,unstaked_3,24,execute,True,0.0,0.0,0.0
control,unstaked_4,24,refuse,False,0.0,0.0,0.0
control,unstaked_5,24,refuse,False,0.0,0.0,0.0
control,unstaked_6,24,execute,True,0.0,0.0,0.0
control,unstaked_7,24,execute,True,0.0,0.0,0.0
control,unstaked_8,24,refuse,False,0.0,0.0,0.0
control,unstaked_9,24,execute,True,0.0,0.0,0.0
control,unstaked_10,24,execute,True,0.0,0.0,0.0
control,unstaked_11,24,execute,True,0.0,0.0,0.0
control,unstaked_12,24,execute,True,0.0,0.0,0.0
control,unstaked_13,24,refuse,False,0.0,0.0,0.0
control,unstaked_14,24,refuse,False,0.0,0.0,0.0
control,unstaked_15,24,execute,True,0.0,0.0,0.0
control,unstaked_16,24,execute,True,0.0,0.0,0.0
control,unstaked_17,24,execute,True,0.0,0.0,0.0
control,unstaked_18,24,refuse,False,0.0,0.0,0.0
control,unstaked_19,24,refuse,False,0.0,0.0,0.0
control,unstaked_0,25,refuse,False,0.0,0.0,0.0
control,unstaked_1,25,execute,True,0.0,0.0,0.0
control,unstaked_2,25,execute,True,0.0,0.0,0.0
control,unstaked_3,25,refuse,False,0.0,0.0,0.0
control,unstaked_4,25,refuse,False,0.0,0.0,0.0
control,unstaked_5,25,refuse,False,0.0,0.0,0.0
control,unstaked_6,25,execute,True,0.0,0.0,0.0
control,unstaked_7,25,execute,True,0.0,0.0,0.0
control,unstaked_8,25,execute,True,0.0,0.0,0.0
control,unstaked_9,25,execute,True,0.0,0.0,0.0
control,unstaked_10,25,refuse,False,0.0,0.0,0.0
control,unstaked_11,25,execute,True,0.0,0.0,0.0
control,unstaked_12,25,execute,True,0.0,0.0,0.0
control,unstaked_13,25,refuse,False,0.0,0.0,0.0
control,unstaked_14,25,execute,True,0.0,0.0,0.0
control,unstaked_15,25,refuse,False,0.0,0.0,0.0
control,unstaked_16,25,refuse,False,0.0,0.0,0.0
control,unstaked_17,25,execute,True,0.0,0.0,0.0
control,unstaked_18,25,refuse,False,0.0,0.0,0.0
control,unstaked_19,25,refuse,False,0.0,0.0,0.0
control,unstaked_0,26,execute,True,0.0,0.0,0.0
control,unstaked_1,26,refuse,False,0.0,0.0,0.0
control,unstaked_2,26,execute,True,0.0,0.0,0.0
control,unstaked_3,26,execute,True,0.0,0.0,0.0
control,unstaked_4,26,refuse,False,0.0,0.0,0.0
control,unstaked_5,26,refuse,False,0.0,0.0,0.0
control,unstaked_6,26,refuse,False,0.0,0.0,0.0
control,unstaked_7,26,execute,True,0.0,0.0,0.0
control,unstaked_8,26,execute,True,0.0,0.0,0.0
control,unstaked_9,26,refuse,False,0.0,0.0,0.0
control,unstaked_10,26,execute,True,0.0,0.0,0.0
control,unstaked_11,26,execute,True,0.0,0.0,0.0
control,unstaked_12,26,refuse,False,0.0,0.0,0.0
control,unstaked_13,26,execute,True,0.0,0.0,0.0
control,unstaked_14,26,refuse,False,0.0,0.0,0.0
control,unstaked_15,26,execute,True,0.0,0.0,0.0
control,unstaked_16,26,refuse,False,0.0,0.0,0.0
control,unstaked_17,26,refuse,False,0.0,0.0,0.0
control,unstaked_18,26,refuse,False,0.0,0.0,0.0
control,unstaked_19,26,refuse,False,0.0,0.0,0.0
control,unstaked_0,27,execute,True,0.0,0.0,0.0
control,unstaked_1,27,execute,True,0.0,0.0,0.0
control,unstaked_2,27,execute,True,0.0,0.0,0.0
control,unstaked_3,27,refuse,False,0.0,0.0,0.0
control,unstaked_4,27,refuse,False,0.0,0.0,0.0
control,unstaked_5,27,refuse,False,0.0,0.0,0.0
control,unstaked_6,27,refuse,False,0.0,0.0,0.0
control,unstaked_7,27,execute,True,0.0,0.0,0.0
control,unstaked_8,27,refuse,False,0.0,0.0,0.0
control,unstaked_9,27,execute,True,0.0,0.0,0.0
control,unstaked_10,27,execute,True,0.0,0.0,0.0
control,unstaked_11,27,refuse,False,0.0,0.0,0.0
control,unstaked_12,27,refuse,False,0.0,0.0,0.0
control,unstaked_13,27,refuse,False,0.0,0.0,0.0
control,unstaked_14,27,refuse,False,0.0,0.0,0.0
control,unstaked_15,27,execute,True,0.0,0.0,0.0
control,unstaked_16,27,refuse,False,0.0,0.0,0.0
control,unstaked_17,27,execute,True,0.0,0.0,0.0
control,unstaked_18,27,execute,True,0.0,0.0,0.0
control,unstaked_19,27,refuse,False,0.0,0.0,0.0
control,unstaked_0,28,execute,True,0.0,0.0,0.0
control,unstaked_1,28,refuse,False,0.0,0.0,0.0
control,unstaked_2,28,refuse,False,0.0,0.0,0.0
control,unstaked_3,28,execute,True,0.0,0.0,0.0
control,unstaked_4,28,refuse,False,0.0,0.0,0.0
control,unstaked_5,28,refuse,False,0.0,0.0,0.0
control,unstaked_6,28,execute,True,0.0,0.0,0.0
control,unstaked_7,28,refuse,False,0.0,0.0,0.0
control,unstaked_8,28,execute,True,0.0,0.0,0.0
control,unstaked_9,28,execute,True,0.0,0.0,0.0
control,unstaked_10,28,refuse,False,0.0,0.0,0.0
control,unstaked_11,28,refuse,False,0.0,0.0,0.0
control,unstaked_12,28,refuse,False,0.0,0.0,0.0
control,unstaked_13,28,refuse,False,0.0,0.0,0.0
control,unstaked_14,28,execute,True,0.0,0.0,0.0
control,unstaked_15,28,refuse,False,0.0,0.0,0.0
control,unstaked_16,28,refuse,False,0.0,0.0,0.0
control,unstaked_17,28,refuse,False,0.0,0.0,0.0
control,unstaked_18,28,refuse,False,0.0,0.0,0.0
control,unstaked_19,28,refuse,False,0.0,0.0,0.0
control,unstaked_0,29,execute,True,0.0,0.0,0.0
control,unstaked_1,29,execute,True,0.0,0.0,0.0
control,unstaked_2,29,execute,True,0.0,0.0,0.0
control,unstaked_3,29,execute,True,0.0,0.0,0.0
control,unstaked_4,29,execute,True,0.0,0.0,0.0
control,unstaked_5,29,execute,True,0.0,0.0,0.0
control,unstaked_6,29,execute,True,0.0,0.0,0.0
control,unstaked_7,29,execute,True,0.0,0.0,0.0
control,unstaked_8,29,refuse,False,0.0,0.0,0.0
control,unstaked_9,29,refuse,False,0.0,0.0,0.0
control,unstaked_10,29,execute,True,0.0,0.0,0.0
control,unstaked_11,29,refuse,False,0.0,0.0,0.0
control,unstaked_12,29,execute,True,0.0,0.0,0.0
control,unstaked_13,29,refuse,False,0.0,0.0,0.0
control,unstaked_14,29,execute,True,0.0,0.0,0.0
control,unstaked_15,29,execute,True,0.0,0.0,0.0
control,unstaked_16,29,execute,True,0.0,0.0,0.0
control,unstaked_17,29,execute,True,0.0,0.0,0.0
control,unstaked_18,29,execute,True,0.0,0.0,0.0
control,unstaked_19,29,execute,True,0.0,0.0,0.0
control,unstaked_0,30,execute,True,0.0,0.0,0.0
control,unstaked_1,30,refuse,False,0.0,0.0,0.0
control,unstaked_2,30,refuse,False,0.0,0.0,0.0
control,unstaked_3,30,refuse,False,0.0,0.0,0.0
control,unstaked_4,30,refuse,False,0.0,0.0,0.0
control,unstaked_5,30,execute,True,0.0,0.0,0.0
control,unstaked_6,30,refuse,False,0.0,0.0,0.0
control,unstaked_7,30,refuse,False,0.0,0.0,0.0
control,unstaked_8,30,execute,True,0.0,0.0,0.0
control,unstaked_9,30,execute,True,0.0,0.0,0.0
control,unstaked_10,30,refuse,False,0.0,0.0,0.0
control,unstaked_11,30,refuse,False,0.0,0.0,0.0
control,unstaked_12,30,execute,True,0.0,0.0,0.0
control,unstaked_13,30,refuse,False,0.0,0.0,0.0
control,unstaked_14,30,execute,True,0.0,0.0,0.0
control,unstaked_15,30,execute,True,0.0,0.0,0.0
control,unstaked_16,30,execute,True,0.0,0.0,0.0
control,unstaked_17,30,execute,True,0.0,0.0,0.0
control,unstaked_18,30,refuse,False,0.0,0.0,0.0
control,unstaked_19,30,refuse,False,0.0,0.0,0.0
control,unstaked_0,31,execute,True,0.0,0.0,0.0
control,unstaked_1,31,refuse,False,0.0,0.0,0.0
control,unstaked_2,31,refuse,False,0.0,0.0,0.0
control,unstaked_3,31,refuse,False,0.0,0.0,0.0
control,unstaked_4,31,refuse,False,0.0,0.0,0.0
control,unstaked_5,31,execute,True,0.0,0.0,0.0
control,unstaked_6,31,refuse,False,0.0,0.0,0.0
control,unstaked_7,31,execute,True,0.0,0.0,0.0
control,unstaked_8,31,execute,True,0.0,0.0,0.0
control,unstaked_9,31,refuse,False,0.0,0.0,0.0
control,unstaked_10,31,execute,True,0.0,0.0,0.0
control,unstaked_11,31,refuse,False,0.0,0.0,0.0
control,unstaked_12,31,refuse,False,0.0,0.0,0.0
control,unstaked_13,31,refuse,False,0.0,0.0,0.0
control,unstaked_14,31,refuse,False,0.0,0.0,0.0
control,unstaked_15,31,execute,True,0.0,0.0,0.0
control,unstaked_16,31,execute,True,0.0,0.0,0.0
control,unstaked_17,31,refuse,False,0.0,0.0,0.0
control,unstaked_18,31,refuse,False,0.0,0.0,0.0
control,unstaked_19,31,execute,True,0.0,0.0,0.0
control,unstaked_0,32,refuse,False,0.0,0.0,0.0
control,unstaked_1,32,refuse,False,0.0,0.0,0.0
control,unstaked_2,32,refuse,False,0.0,0.0,0.0
control,unstaked_3,32,refuse,False,0.0,0.0,0.0
control,unstaked_4,32,execute,True,0.0,0.0,0.0
control,unstaked_5,32,refuse,False,0.0,0.0,0.0
control,unstaked_6,32,execute,True,0.0,0.0,0.0
control,unstaked_7,32,refuse,False,0.0,0.0,0.0
control,unstaked_8,32,execute,True,0.0,0.0,0.0
control,unstaked_9,32,refuse,False,0.0,0.0,0.0
control,unstaked_10,32,execute,True,0.0,0.0,0.0
control,unstaked_11,32,execute,True,0.0,0.0,0.0
control,unstaked_12,32,execute,True,0.0,0.0,0.0
control,unstaked_13,32,execute,True,0.0,0.0,0.0
control,unstaked_14,32,execute,True,0.0,0.0,0.0
control,unstaked_15,32,execute,True,0.0,0.0,0.0
control,unstaked_16,32,execute,True,0.0,0.0,0.0
control,unstaked_17,32,execute,True,0.0,0.0,0.0
control,unstaked_18,32,refuse,False,0.0,0.0,0.0
control,unstaked_19,32,execute,True,0.0,0.0,0.0
control,unstaked_0,33,refuse,False,0.0,0.0,0.0
control,unstaked_1,33,execute,True,0.0,0.0,0.0
control,unstaked_2,33,execute,True,0.0,0.0,0.0
control,unstaked_3,33,execute,True,0.0,0.0,0.0
control,unstaked_4,33,refuse,False,0.0,0.0,0.0
control,unstaked_5,33,execute,True,0.0,0.0,0.0
control,unstaked_6,33,execute,True,0.0,0.0,0.0
control,unstaked_7,33,refuse,False,0.0,0.0,0.0
control,unstaked_8,33,refuse,False,0.0,0.0,0.0
control,unstaked_9,33,execute,True,0.0,0.0,0.0
control,unstaked_10,33,refuse,False,0.0,0.0,0.0
control,unstaked_11,33,refuse,False,0.0,0.0,0.0
control,unstaked_12,33,refuse,False,0.0,0.0,0.0
control,unstaked_13,33,execute,True,0.0,0.0,0.0
control,unstaked_14,33,execute,True,0.0,0.0,0.0
control,unstaked_15,33,refuse,False,0.0,0.0,0.0
control,unstaked_16,33,execute,True,0.0,0.0,0.0
control,unstaked_17,33,execute,True,0.0,0.0,0.0
control,unstaked_18,33,refuse,False,0.0,0.0,0.0
control,unstaked_19,33,execute,True,0.0,0.0,0.0
control,unstaked_0,34,execute,True,0.0,0.0,0.0
control,unstaked_1,34,refuse,False,0.0,0.0,0.0
control,unstaked_2,34,execute,True,0.0,0.0,0.0
control,unstaked_3,34,execute,True,0.0,0.0,0.0
control,unstaked_4,34,refuse,False,0.0,0.0,0.0
control,unstaked_5,34,execute,True,0.0,0.0,0.0
control,unstaked_6,34,execute,True,0.0,0.0,0.0
control,unstaked_7,34,refuse,False,0.0,0.0,0.0
control,unstaked_8,34,execute,True,0.0,0.0,0.0
control,unstaked_9,34,refuse,False,0.0,0.0,0.0
control,unstaked_10,34,refuse,False,0.0,0.0,0.0
control,unstaked_11,34,refuse,False,0.0,0.0,0.0
control,unstaked_12,34,refuse,False,0.0,0.0,0.0
control,unstaked_13,34,execute,True,0.0,0.0,0.0
control,unstaked_14,34,execute,True,0.0,0.0,0.0
control,unstaked_15,34,execute,True,0.0,0.0,0.0
control,unstaked_16,34,execute,True,0.0,0.0,0.0
control,unstaked_17,34,refuse,False,0.0,0.0,0.0
control,unstaked_18,34,refuse,False,0.0,0.0,0.0
control,unstaked_19,34,refuse,False,0.0,0.0,0.0
control,unstaked_0,35,execute,True,0.0,0.0,0.0
control,unstaked_1,35,execute,True,0.0,0.0,0.0
control,unstaked_2,35,refuse,False,0.0,0.0,0.0
control,unstaked_3,35,execute,True,0.0,0.0,0.0
control,unstaked_4,35,refuse,False,0.0,0.0,0.0
control,unstaked_5,35,refuse,False,0.0,0.0,0.0
control,unstaked_6,35,refuse,False,0.0,0.0,0.0
control,unstaked_7,35,refuse,False,0.0,0.0,0.0
control,unstaked_8,35,execute,True,0.0,0.0,0.0
control,unstaked_9,35,refuse,False,0.0,0.0,0.0
control,unstaked_10,35,refuse,False,0.0,0.0,0.0
control,unstaked_11,35,execute,True,0.0,0.0,0.0
control,unstaked_12,35,execute,True,0.0,0.0,0.0
control,unstaked_13,35,refuse,False,0.0,0.0,0.0
control,unstaked_14,35,refuse,False,0.0,0.0,0.0
control,unstaked_15,35,execute,True,0.0,0.0,0.0
control,unstaked_16,35,execute,True,0.0,0.0,0.0
control,unstaked_17,35,refuse,False,0.0,0.0,0.0
control,unstaked_18,35,execute,True,0.0,0.0,0.0
control,unstaked_19,35,refuse,False,0.0,0.0,0.0
control,unstaked_0,36,execute,True,0.0,0.0,0.0
control,unstaked_1,36,refuse,False,0.0,0.0,0.0
control,unstaked_2,36,refuse,False,0.0,0.0,0.0
control,unstaked_3,36,execute,True,0.0,0.0,0.0
control,unstaked_4,36,execute,True,0.0,0.0,0.0
control,unstaked_5,36,refuse,False,0.0,0.0,0.0
control,unstaked_6,36,refuse,False,0.0,0.0,0.0
control,unstaked_7,36,refuse,False,0.0,0.0,0.0
control,unstaked_8,36,refuse,False,0.0,0.0,0.0
control,unstaked_9,36,refuse,False,0.0,0.0,0.0
control,unstaked_10,36,execute,True,0.0,0.0,0.0
control,unstaked_11,36,execute,True,0.0,0.0,0.0
control,unstaked_12,36,execute,True,0.0,0.0,0.0
control,unstaked_13,36,execute,True,0.0,0.0,0.0
control,unstaked_14,36,execute,True,0.0,0.0,0.0
control,unstaked_15,36,refuse,False,0.0,0.0,0.0
control,unstaked_16,36,refuse,False,0.0,0.0,0.0
control,unstaked_17,36,execute,True,0.0,0.0,0.0
control,unstaked_18,36,refuse,False,0.0,0.0,0.0
control,unstaked_19,36,execute,True,0.0,0.0,0.0
control,unstaked_0,37,refuse,False,0.0,0.0,0.0
control,unstaked_1,37,execute,True,0.0,0.0,0.0
control,unstaked_2,37,execute,True,0.0,0.0,0.0
control,unstaked_3,37,refuse,False,0.0,0.0,0.0
control,unstaked_4,37,execute,True,0.0,0.0,0.0
control,unstaked_5,37,execute,True,0.0,0.0,0.0
control,unstaked_6,37,execute,True,0.0,0.0,0.0
control,unstaked_7,37,execute,True,0.0,0.0,0.0
control,unstaked_8,37,execute,True,0.0,0.0,0.0
control,unstaked_9,37,execute,True,0.0,0.0,0.0
control,unstaked_10,37,refuse,False,0.0,0.0,0.0
control,unstaked_11,37,refuse,False,0.0,0.0,0.0
control,unstaked_12,37,execute,True,0.0,0.0,0.0
control,unstaked_13,37,execute,True,0.0,0.0,0.0
control,unstaked_14,37,execute,True,0.0,0.0,0.0
control,unstaked_15,37,refuse,False,0.0,0.0,0.0
control,unstaked_16,37,refuse,False,0.0,0.0,0.0
control,unstaked_17,37,execute,True,0.0,0.0,0.0
control,unstaked_18,37,execute,True,0.0,0.0,0.0
control,unstaked_19,37,refuse,False,0.0,0.0,0.0
control,unstaked_0,38,execute,True,0.0,0.0,0.0
control,unstaked_1,38,refuse,False,0.0,0.0,0.0
control,unstaked_2,38,refuse,False,0.0,0.0,0.0
control,unstaked_3,38,execute,True,0.0,0.0,0.0
control,unstaked_4,38,execute,True,0.0,0.0,0.0
control,unstaked_5,38,refuse,False,0.0,0.0,0.0
control,unstaked_6,38,refuse,False,0.0,0.0,0.0
control,unstaked_7,38,execute,True,0.0,0.0,0.0
control,unstaked_8,38,execute,True,0.0,0.0,0.0
control,unstaked_9,38,execute,True,0.0,0.0,0.0
control,unstaked_10,38,execute,True,0.0,0.0,0.0
control,unstaked_11,38,refuse,False,0.0,0.0,0.0
control,unstaked_12,38,execute,True,0.0,0.0,0.0
control,unstaked_13,38,refuse,False,0.0,0.0,0.0
control,unstaked_14,38,execute,True,0.0,0.0,0.0
control,unstaked_15,38,execute,True,0.0,0.0,0.0
control,unstaked_16,38,execute,True,0.0,0.0,0.0
control,unstaked_17,38,execute,True,0.0,0.0,0.0
control,unstaked_18,38,execute,True,0.0,0.0,0.0
control,unstaked_19,38,execute,True,0.0,0.0,0.0
control,unstaked_0,39,refuse,False,0.0,0.0,0.0
control,unstaked_1,39,execute,True,0.0,0.0,0.0
control,unstaked_2,39,refuse,False,0.0,0.0,0.0
control,unstaked_3,39,refuse,False,0.0,0.0,0.0
control,unstaked_4,39,refuse,False,0.0,0.0,0.0
control,unstaked_5,39,refuse,False,0.0,0.0,0.0
control,unstaked_6,39,execute,True,0.0,0.0,0.0
control,unstaked_7,39,refuse,False,0.0,0.0,0.0
control,unstaked_8,39,refuse,False,0.0,0.0,0.0
control,unstaked_9,39,refuse,False,0.0,0.0,0.0
control,unstaked_10,39,refuse,False,0.0,0.0,0.0
control,unstaked_11,39,refuse,False,0.0,0.0,0.0
control,unstaked_12,39,execute,True,0.0,0.0,0.0
control,unstaked_13,39,execute,True,0.0,0.0,0.0
control,unstaked_14,39,execute,True,0.0,0.0,0.0
control,unstaked_15,39,refuse,False,0.0,0.0,0.0
control,unstaked_16,39,refuse,False,0.0,0.0,0.0
control,unstaked_17,39,refuse,False,0.0,0.0,0.0
control,unstaked_18,39,execute,True,0.0,0.0,0.0
control,unstaked_19,39,refuse,False,0.0,0.0,0.0
control,unstaked_0,40,refuse,False,0.0,0.0,0.0
control,unstaked_1,40,execute,True,0.0,0.0,0.0
control,unstaked_2,40,refuse,False,0.0,0.0,0.0
control,unstaked_3,40,refuse,False,0.0,0.0,0.0
control,unstaked_4,40,refuse,False,0.0,0.0,0.0
control,unstaked_5,40,refuse,False,0.0,0.0,0.0
control,unstaked_6,40,execute,True,0.0,0.0,0.0
control,unstaked_7,40,refuse,False,0.0,0.0,0.0
control,unstaked_8,40,execute,True,0.0,0.0,0.0
control,unstaked_9,40,execute,True,0.0,0.0,0.0
control,unstaked_10,40,execute,True,0.0,0.0,0.0
control,unstaked_11,40,refuse,False,0.0,0.0,0.0
control,unstaked_12,40,execute,True,0.0,0.0,0.0
control,unstaked_13,40,execute,True,0.0,0.0,0.0
control,unstaked_14,40,refuse,False,0.0,0.0,0.0
control,unstaked_15,40,execute,True,0.0,0.0,0.0
control,unstaked_16,40,refuse,False,0.0,0.0,0.0
control,unstaked_17,40,execute,True,0.0,0.0,0.0
control,unstaked_18,40,refuse,False,0.0,0.0,0.0
control,unstaked_19,40,execute,True,0.0,0.0,0.0
control,unstaked_0,41,refuse,False,0.0,0.0,0.0
control,unstaked_1,41,execute,True,0.0,0.0,0.0
control,unstaked_2,41,refuse,False,0.0,0.0,0.0
control,unstaked_3,41,execute,True,0.0,0.0,0.0
control,unstaked_4,41,refuse,False,0.0,0.0,0.0
control,unstaked_5,41,refuse,False,0.0,0.0,0.0
control,unstaked_6,41,execute,True,0.0,0.0,0.0
control,unstaked_7,41,execute,True,0.0,0.0,0.0
control,unstaked_8,41,execute,True,0.0,0.0,0.0
control,unstaked_9,41,refuse,False,0.0,0.0,0.0
control,unstaked_10,41,refuse,False,0.0,0.0,0.0
control,unstaked_11,41,refuse,False,0.0,0.0,0.0
control,unstaked_12,41,execute,True,0.0,0.0,0.0
control,unstaked_13,41,execute,True,0.0,0.0,0.0
control,unstaked_14,41,execute,True,0.0,0.0,0.0
control,unstaked_15,41,execute,True,0.0,0.0,0.0
control,unstaked_16,41,execute,True,0.0,0.0,0.0
control,unstaked_17,41,execute,True,0.0,0.0,0.0
control,unstaked_18,41,execute,True,0.0,0.0,0.0
control,unstaked_19,41,refuse,False,0.0,0.0,0.0
control,unstaked_0,42,execute,True,0.0,0.0,0.0
control,unstaked_1,42,refuse,False,0.0,0.0,0.0
control,unstaked_2,42,execute,True,0.0,0.0,0.0
control,unstaked_3,42,refuse,False,0.0,0.0,0.0
control,unstaked_4,42,refuse,False,0.0,0.0,0.0
control,unstaked_5,42,refuse,False,0.0,0.0,0.0
control,unstaked_6,42,execute,True,0.0,0.0,0.0
control,unstaked_7,42,refuse,False,0.0,0.0,0.0
control,unstaked_8,42,execute,True,0.0,0.0,0.0
control,unstaked_9,42,execute,True,0.0,0.0,0.0
control,unstaked_10,42,refuse,False,0.0,0.0,0.0
control,unstaked_11,42,execute,True,0.0,0.0,0.0
control,unstaked_12,42,refuse,False,0.0,0.0,0.0
control,unstaked_13,42,refuse,False,0.0,0.0,0.0
control,unstaked_14,42,execute,True,0.0,0.0,0.0
control,unstaked_15,42,execute,True,0.0,0.0,0.0
control,unstaked_16,42,refuse,False,0.0,0.0,0.0
control,unstaked_17,42,execute,True,0.0,0.0,0.0
control,unstaked_18,42,refuse,False,0.0,0.0,0.0
control,unstaked_19,42,refuse,False,0.0,0.0,0.0
control,unstaked_0,43,execute,True,0.0,0.0,0.0
control,unstaked_1,43,refuse,False,0.0,0.0,0.0
control,unstaked_2,43,refuse,False,0.0,0.0,0.0
control,unstaked_3,43,execute,True,0.0,0.0,0.0
control,unstaked_4,43,refuse,False,0.0,0.0,0.0
control,unstaked_5,43,execute,True,0.0,0.0,0.0
control,unstaked_6,43,execute,True,0.0,0.0,0.0
control,unstaked_7,43,execute,True,0.0,0.0,0.0
control,unstaked_8,43,refuse,False,0.0,0.0,0.0
control,unstaked_9,43,execute,True,0.0,0.0,0.0
control,unstaked_10,43,refuse,False,0.0,0.0,0.0
control,unstaked_11,43,execute,True,0.0,0.0,0.0
control,unstaked_12,43,execute,True,0.0,0.0,0.0
control,unstaked_13,43,refuse,False,0.0,0.0,0.0
control,unstaked_14,43,refuse,False,0.0,0.0,0.0
control,unstaked_15,43,execute,True,0.0,0.0,0.0
control,unstaked_16,43,refuse,False,0.0,0.0,0.0
control,unstaked_17,43,refuse,False,0.0,0.0,0.0
control,unstaked_18,43,refuse,False,0.0,0.0,0.0
control,unstaked_19,43,execute,True,0.0,0.0,0.0
control,unstaked_0,44,refuse,False,0.0,0.0,0.0
control,unstaked_1,44,refuse,False,0.0,0.0,0.0
control,unstaked_2,44,refuse,False,0.0,0.0,0.0
control,unstaked_3,44,execute,True,0.0,0.0,0.0
control,unstaked_4,44,refuse,False,0.0,0.0,0.0
control,unstaked_5,44,execute,True,0.0,0.0,0.0
control,unstaked_6,44,execute,True,0.0,0.0,0.0
control,unstaked_7,44,execute,True,0.0,0.0,0.0
control,unstaked_8,44,refuse,False,0.0,0.0,0.0
control,unstaked_9,44,refuse,False,0.0,0.0,0.0
control,unstaked_10,44,refuse,False,0.0,0.0,0.0
control,unstaked_11,44,execute,True,0.0,0.0,0.0
control,unstaked_12,44,refuse,False,0.0,0.0,0.0
control,unstaked_13,44,execute,True,0.0,0.0,0.0
control,unstaked_14,44,execute,True,0.0,0.0,0.0
control,unstaked_15,44,execute,True,0.0,0.0,0.0
control,unstaked_16,44,execute,True,0.0,0.0,0.0
control,unstaked_17,44,execute,True,0.0,0.0,0.0
control,unstaked_18,44,refuse,False,0.0,0.0,0.0
control,unstaked_19,44,execute,True,0.0,0.0,0.0
control,unstaked_0,45,execute,True,0.0,0.0,0.0
control,unstaked_1,45,refuse,False,0.0,0.0,0.0
control,unstaked_2,45,refuse,False,0.0,0.0,0.0
control,unstaked_3,45,refuse,False,0.0,0.0,0.0
control,unstaked_4,45,refuse,False,0.0,0.0,0.0
control,unstaked_5,45,execute,True,0.0,0.0,0.0
control,unstaked_6,45,execute,True,0.0,0.0,0.0
control,unstaked_7,45,execute,True,0.0,0.0,0.0
control,unstaked_8,45,refuse,False,0.0,0.0,0.0
control,unstaked_9,45,execute,True,0.0,0.0,0.0
control,unstaked_10,45,refuse,False,0.0,0.0,0.0
control,unstaked_11,45,execute,True,0.0,0.0,0.0
control,unstaked_12,45,refuse,False,0.0,0.0,0.0
control,unstaked_13,45,execute,True,0.0,0.0,0.0
control,unstaked_14,45,execute,True,0.0,0.0,0.0
control,unstaked_15,45,execute,True,0.0,0.0,0.0
control,unstaked_16,45,execute,True,0.0,0.0,0.0
control,unstaked_17,45,refuse,False,0.0,0.0,0.0
control,unstaked_18,45,refuse,False,0.0,0.0,0.0
control,unstaked_19,45,execute,True,0.0,0.0,0.0
control,unstaked_0,46,execute,True,0.0,0.0,0.0
control,unstaked_1,46,execute,True,0.0,0.0,0.0
control,unstaked_2,46,refuse,False,0.0,0.0,0.0
control,unstaked_3,46,refuse,False,0.0,0.0,0.0
control,unstaked_4,46,execute,True,0.0,0.0,0.0
control,unstaked_5,46,execute,True,0.0,0.0,0.0
control,unstaked_6,46,refuse,False,0.0,0.0,0.0
control,unstaked_7,46,refuse,False,0.0,0.0,0.0
control,unstaked_8,46,execute,True,0.0,0.0,0.0
control,unstaked_9,46,refuse,False,0.0,0.0,0.0
control,unstaked_10,46,execute,True,0.0,0.0,0.0
control,unstaked_11,46,refuse,False,0.0,0.0,0.0
control,unstaked_12,46,refuse,False,0.0,0.0,0.0
control,unstaked_13,46,execute,True,0.0,0.0,0.0
control,unstaked_14,46,execute,True,0.0,0.0,0.0
control,unstaked_15,46,execute,True,0.0,0.0,0.0
control,unstaked_16,46,execute,True,0.0,0.0,0.0
control,unstaked_17,46,execute,True,0.0,0.0,0.0
control,unstaked_18,46,refuse,False,0.0,0.0,0.0
control,unstaked_19,46,execute,True,0.0,0.0,0.0
control,unstaked_0,47,execute,True,0.0,0.0,0.0
control,unstaked_1,47,execute,True,0.0,0.0,0.0
control,unstaked_2,47,execute,True,0.0,0.0,0.0
control,unstaked_3,47,execute,True,0.0,0.0,0.0
control,unstaked_4,47,execute,True,0.0,0.0,0.0
control,unstaked_5,47,execute,True,0.0,0.0,0.0
control,unstaked_6,47,execute,True,0.0,0.0,0.0
control,unstaked_7,47,refuse,False,0.0,0.0,0.0
control,unstaked_8,47,execute,True,0.0,0.0,0.0
control,unstaked_9,47,refuse,False,0.0,0.0,0.0
control,unstaked_10,47,refuse,False,0.0,0.0,0.0
control,unstaked_11,47,execute,True,0.0,0.0,0.0
control,unstaked_12,47,refuse,False,0.0,0.0,0.0
control,unstaked_13,47,execute,True,0.0,0.0,0.0
control,unstaked_14,47,execute,True,0.0,0.0,0.0
control,unstaked_15,47,refuse,False,0.0,0.0,0.0
control,unstaked_16,47,refuse,False,0.0,0.0,0.0
control,unstaked_17,47,execute,True,0.0,0.0,0.0
control,unstaked_18,47,execute,True,0.0,0.0,0.0
control,unstaked_19,47,execute,True,0.0,0.0,0.0
control,unstaked_0,48,refuse,False,0.0,0.0,0.0
control,unstaked_1,48,refuse,False,0.0,0.0,0.0
control,unstaked_2,48,execute,True,0.0,0.0,0.0
control,unstaked_3,48,refuse,False,0.0,0.0,0.0
control,unstaked_4,48,execute,True,0.0,0.0,0.0
control,unstaked_5,48,execute,True,0.0,0.0,0.0
control,unstaked_6,48,refuse,False,0.0,0.0,0.0
control,unstaked_7,48,execute,True,0.0,0.0,0.0
control,unstaked_8,48,execute,True,0.0,0.0,0.0
control,unstaked_9,48,refuse,False,0.0,0.0,0.0
control,unstaked_10,48,refuse,False,0.0,0.0,0.0
control,unstaked_11,48,execute,True,0.0,0.0,0.0
control,unstaked_12,48,refuse,False,0.0,0.0,0.0
control,unstaked_13,48,execute,True,0.0,0.0,0.0
control,unstaked_14,48,execute,True,0.0,0.0,0.0
control,unstaked_15,48,execute,True,0.0,0.0,0.0
control,unstaked_16,48,execute,True,0.0,0.0,0.0
control,unstaked_17,48,refuse,False,0.0,0.0,0.0
control,unstaked_18,48,refuse,False,0.0,0.0,0.0
control,unstaked_19,48,refuse,False,0.0,0.0,0.0
control,unstaked_0,49,refuse,False,0.0,0.0,0.0
control,unstaked_1,49,execute,True,0.0,0.0,0.0
control,unstaked_2,49,execute,True,0.0,0.0,0.0
control,unstaked_3,49,refuse,False,0.0,0.0,0.0
control,unstaked_4,49,refuse,False,0.0,0.0,0.0
control,unstaked_5,49,execute,True,0.0,0.0,0.0
control,unstaked_6,49,refuse,False,0.0,0.0,0.0
control,unstaked_7,49,refuse,False,0.0,0.0,0.0
control,unstaked_8,49,execute,True,0.0,0.0,0.0
control,unstaked_9,49,execute,True,0.0,0.0,0.0
control,unstaked_10,49,execute,True,0.0,0.0,0.0
control,unstaked_11,49,execute,True,0.0,0.0,0.0
control,unstaked_12,49,execute,True,0.0,0.0,0.0
control,unstaked_13,49,execute,True,0.0,0.0,0.0
control,unstaked_14,49,refuse,False,0.0,0.0,0.0
control,unstaked_15,49,execute,True,0.0,0.0,0.0
control,unstaked_16,49,execute,True,0.0,0.0,0.0
control,unstaked_17,49,execute,True,0.0,0.0,0.0
control,unstaked_18,49,execute,True,0.0,0.0,0.0
control,unstaked_19,49,refuse,False,0.0,0.0,0.0
control,unstaked_0,50,refuse,False,0.0,0.0,0.0
control,unstaked_1,50,execute,True,0.0,0.0,0.0
control,unstaked_2,50,refuse,False,0.0,0.0,0.0
control,unstaked_3,50,refuse,False,0.0,0.0,0.0
control,unstaked_4,50,refuse,False,0.0,0.0,0.0
control,unstaked_5,50,refuse,False,0.0,0.0,0.0
control,unstaked_6,50,refuse,False,0.0,0.0,0.0
control,unstaked_7,50,execute,True,0.0,0.0,0.0
control,unstaked_8,50,refuse,False,0.0,0.0,0.0
control,unstaked_9,50,execute,True,0.0,0.0,0.0
control,unstaked_10,50,refuse,False,0.0,0.0,0.0
control,unstaked_11,50,execute,True,0.0,0.0,0.0
control,unstaked_12,50,refuse,False,0.0,0.0,0.0
control,unstaked_13,50,refuse,False,0.0,0.0,0.0
control,unstaked_14,50,execute,True,0.0,0.0,0.0
control,unstaked_15,50,execute,True,0.0,0.0,0.0
control,unstaked_16,50,refuse,False,0.0,0.0,0.0
control,unstaked_17,50,execute,True,0.0,0.0,0.0
control,unstaked_18,50,refuse,False,0.0,0.0,0.0
control,unstaked_19,50,refuse,False,0.0,0.0,0.0
treatment,staked_0,1,refuse,False,100.0,100.0,0.0
treatment,staked_1,1,refuse,False,100.0,100.0,0.0
treatment,staked_2,1,execute,True,100.0,85.0,15.0
treatment,staked_3,1,refuse,False,100.0,100.0,0.0
treatment,staked_4,1,refuse,False,100.0,100.0,0.0
treatment,staked_5,1,refuse,False,100.0,100.0,0.0
treatment,staked_6,1,refuse,False,100.0,100.0,0.0
treatment,staked_7,1,execute,True,100.0,85.0,15.0
treatment,staked_8,1,refuse,False,100.0,100.0,0.0
treatment,staked_9,1,refuse,False,100.0,100.0,0.0
treatment,staked_10,1,refuse,False,100.0,100.0,0.0
treatment,staked_11,1,refuse,False,100.0,100.0,0.0
treatment,staked_12,1,refuse,False,100.0,100.0,0.0
treatment,staked_13,1,refuse,False,100.0,100.0,0.0
treatment,staked_14,1,refuse,False,100.0,100.0,0.0
treatment,staked_15,1,refuse,False,100.0,100.0,0.0
treatment,staked_16,1,refuse,False,100.0,100.0,0.0
treatment,staked_17,1,refuse,False,100.0,100.0,0.0
treatment,staked_18,1,refuse,False,100.0,100.0,0.0
treatment,staked_19,1,refuse,False,100.0,100.0,0.0
treatment,staked_0,2,refuse,False,100.0,100.0,0.0
treatment,staked_1,2,refuse,False,100.0,100.0,0.0
treatment,staked_2,2,refuse,False,85.0,85.0,0.0
treatment,staked_3,2,refuse,False,100.0,100.0,0.0
treatment,staked_4,2,execute,True,100.0,85.0,15.0
treatment,staked_5,2,refuse,False,100.0,100.0,0.0
treatment,staked_6,2,refuse,False,100.0,100.0,0.0
treatment,staked_7,2,execute,True,85.0,70.0,15.0
treatment,staked_8,2,refuse,False,100.0,100.0,0.0
treatment,staked_9,2,refuse,False,100.0,100.0,0.0
treatment,staked_10,2,refuse,False,100.0,100.0,0.0
treatment,staked_11,2,execute,True,100.0,85.0,15.0
treatment,staked_12,2,refuse,False,100.0,100.0,0.0
treatment,staked_13,2,execute,True,100.0,85.0,15.0
treatment,staked_14,2,refuse,False,100.0,100.0,0.0
treatment,staked_15,2,refuse,False,100.0,100.0,0.0
treatment,staked_16,2,refuse,False,100.0,100.0,0.0
treatment,staked_17,2,refuse,False,100.0,100.0,0.0
treatment,staked_18,2,execute,True,100.0,85.0,15.0
treatment,staked_19,2,execute,True,100.0,85.0,15.0
treatment,staked_0,3,refuse,False,100.0,100.0,0.0
treatment,staked_1,3,refuse,False,100.0,100.0,0.0
treatment,staked_2,3,refuse,False,85.0,85.0,0.0
treatment,staked_3,3,refuse,False,100.0,100.0,0.0
treatment,staked_4,3,refuse,False,85.0,85.0,0.0
treatment,staked_5,3,refuse,False,100.0,100.0,0.0
treatment,staked_6,3,refuse,False,100.0,100.0,0.0
treatment,staked_7,3,refuse,False,70.0,70.0,0.0
treatment,staked_8,3,refuse,False,100.0,100.0,0.0
treatment,staked_9,3,refuse,False,100.0,100.0,0.0
treatment,staked_10,3,refuse,False,100.0,100.0,0.0
treatment,staked_11,3,execute,True,85.0,70.0,15.0
treatment,staked_12,3,refuse,False,100.0,100.0,0.0
treatment,staked_13,3,refuse,False,85.0,85.0,0.0
treatment,staked_14,3,execute,True,100.0,85.0,15.0
treatment,staked_15,3,execute,True,100.0,85.0,15.0
treatment,staked_16,3,execute,True,100.0,85.0,15.0
treatment,staked_17,3,refuse,False,100.0,100.0,0.0
treatment,staked_18,3,refuse,False,85.0,85.0,0.0
treatment,staked_19,3,refuse,False,85.0,85.0,0.0
treatment,staked_0,4,refuse,False,100.0,100.0,0.0
treatment,staked_1,4,refuse,False,100.0,100.0,0.0
treatment,staked_2,4,execute,True,85.0,70.0,15.0
treatment,staked_3,4,refuse,False,100.0,100.0,0.0
treatment,staked_4,4,execute,True,85.0,70.0,15.0
treatment,staked_5,4,execute,True,100.0,85.0,15.0
treatment,staked_6,4,refuse,False,100.0,100.0,0.0
treatment,staked_7,4,refuse,False,70.0,70.0,0.0
treatment,staked_8,4,refuse,False,100.0,100.0,0.0
treatment,staked_9,4,refuse,False,100.0,100.0,0.0
treatment,staked_10,4,execute,True,100.0,85.0,15.0
treatment,staked_11,4,refuse,False,70.0,70.0,0.0
treatment,staked_12,4,refuse,False,100.0,100.0,0.0
treatment,staked_13,4,refuse,False,85.0,85.0,0.0
treatment,staked_14,4,execute,True,85.0,70.0,15.0
treatment,staked_15,4,refuse,False,85.0,85.0,0.0
treatment,staked_16,4,refuse,False,85.0,85.0,0.0
treatment,staked_17,4,refuse,False,100.0,100.0,0.0
treatment,staked_18,4,refuse,False,85.0,85.0,0.0
treatment,staked_19,4,refuse,False,85.0,85.0,0.0
treatment,staked_0,5,refuse,False,100.0,100.0,0.0
treatment,staked_1,5,refuse,False,100.0,100.0,0.0
treatment,staked_2,5,refuse,False,70.0,70.0,0.0
treatment,staked_3,5,execute,True,100.0,85.0,15.0
treatment,staked_4,5,refuse,False,70.0,70.0,0.0
treatment,staked_5,5,refuse,False,85.0,85.0,0.0
treatment,staked_6,5,refuse,False,100.0,100.0,0.0
treatment,staked_7,5,refuse,False,70.0,70.0,0.0
treatment,staked_8,5,refuse,False,100.0,100.0,0.0
treatment,staked_9,5,refuse,False,100.0,100.0,0.0
treatment,staked_10,5,refuse,False,85.0,85.0,0.0
treatment,staked_11,5,refuse,False,70.0,70.0,0.0
treatment,staked_12,5,execute,True,100.0,85.0,15.0
treatment,staked_13,5,execute,True,85.0,70.0,15.0
treatment,staked_14,5,refuse,False,70.0,70.0,0.0
treatment,staked_15,5,refuse,False,85.0,85.0,0.0
treatment,staked_16,5,refuse,False,85.0,85.0,0.0
treatment,staked_17,5,refuse,False,100.0,100.0,0.0
treatment,staked_18,5,refuse,False,85.0,85.0,0.0
treatment,staked_19,5,refuse,False,85.0,85.0,0.0
treatment,staked_0,6,refuse,False,100.0,100.0,0.0
treatment,staked_1,6,refuse,False,100.0,100.0,0.0
treatment,staked_2,6,refuse,False,70.0,70.0,0.0
treatment,staked_3,6,refuse,False,85.0,85.0,0.0
treatment,staked_4,6,refuse,False,70.0,70.0,0.0
treatment,staked_5,6,execute,True,85.0,70.0,15.0
treatment,staked_6,6,execute,True,100.0,85.0,15.0
treatment,staked_7,6,refuse,False,70.0,70.0,0.0
treatment,staked_8,6,refuse,False,100.0,100.0,0.0
treatment,staked_9,6,execute,True,100.0,85.0,15.0
treatment,staked_10,6,refuse,False,85.0,85.0,0.0
treatment,staked_11,6,refuse,False,70.0,70.0,0.0
treatment,staked_12,6,refuse,False,85.0,85.0,0.0
treatment,staked_13,6,refuse,False,70.0,70.0,0.0
treatment,staked_14,6,execute,True,70.0,55.0,15.0
treatment,staked_15,6,refuse,False,85.0,85.0,0.0
treatment,staked_16,6,refuse,False,85.0,85.0,0.0
treatment,staked_17,6,refuse,False,100.0,100.0,0.0
treatment,staked_18,6,refuse,False,85.0,85.0,0.0
treatment,staked_19,6,refuse,False,85.0,85.0,0.0
treatment,staked_0,7,refuse,False,100.0,100.0,0.0
treatment,staked_1,7,refuse,False,100.0,100.0,0.0
treatment,staked_2,7,refuse,False,70.0,70.0,0.0
treatment,staked_3,7,execute,True,85.0,70.0,15.0
treatment,staked_4,7,refuse,False,70.0,70.0,0.0
treatment,staked_5,7,refuse,False,70.0,70.0,0.0
treatment,staked_6,7,execute,True,85.0,70.0,15.0
treatment,staked_7,7,refuse,False,70.0,70.0,0.0
treatment,staked_8,7,refuse,False,100.0,100.0,0.0
treatment,staked_9,7,execute,True,85.0,70.0,15.0
treatment,staked_10,7,refuse,False,85.0,85.0,0.0
treatment,staked_11,7,refuse,False,70.0,70.0,0.0
treatment,staked_12,7,refuse,False,85.0,85.0,0.0
treatment,staked_13,7,refuse,False,70.0,70.0,0.0
treatment,staked_14,7,execute,True,55.0,40.0,15.0
treatment,staked_15,7,refuse,False,85.0,85.0,0.0
treatment,staked_16,7,refuse,False,85.0,85.0,0.0
treatment,staked_17,7,refuse,False,100.0,100.0,0.0
treatment,staked_18,7,execute,True,85.0,70.0,15.0
treatment,staked_19,7,execute,True,85.0,70.0,15.0
treatment,staked_0,8,refuse,False,100.0,100.0,0.0
treatment,staked_1,8,refuse,False,100.0,100.0,0.0
treatment,staked_2,8,execute,True,70.0,55.0,15.0
treatment,staked_3,8,execute,True,70.0,55.0,15.0
treatment,staked_4,8,refuse,False,70.0,70.0,0.0
treatment,staked_5,8,refuse,False,70.0,70.0,0.0
treatment,staked_6,8,refuse,False,70.0,70.0,0.0
treatment,staked_7,8,refuse,False,70.0,70.0,0.0
treatment,staked_8,8,refuse,False,100.0,100.0,0.0
treatment,staked_9,8,refuse,False,70.0,70.0,0.0
treatment,staked_10,8,refuse,False,85.0,85.0,0.0
treatment,staked_11,8,execute,True,70.0,55.0,15.0
treatment,staked_12,8,refuse,False,85.0,85.0,0.0
treatment,staked_13,8,execute,True,70.0,55.0,15.0
treatment,staked_14,8,refuse,False,40.0,40.0,0.0
treatment,staked_15,8,refuse,False,85.0,85.0,0.0
treatment,staked_16,8,refuse,False,85.0,85.0,0.0
treatment,staked_17,8,refuse,False,100.0,100.0,0.0
treatment,staked_18,8,refuse,False,70.0,70.0,0.0
treatment,staked_19,8,refuse,False,70.0,70.0,0.0
treatment,staked_0,9,refuse,False,100.0,100.0,0.0
treatment,staked_1,9,refuse,False,100.0,100.0,0.0
treatment,staked_2,9,refuse,False,55.0,55.0,0.0
treatment,staked_3,9,refuse,False,55.0,55.0,0.0
treatment,staked_4,9,refuse,False,70.0,70.0,0.0
treatment,staked_5,9,refuse,False,70.0,70.0,0.0
treatment,staked_6,9,refuse,False,70.0,70.0,0.0
treatment,staked_7,9,execute,True,70.0,55.0,15.0
treatment,staked_8,9,execute,True,100.0,85.0,15.0
treatment,staked_9,9,execute,True,70.0,55.0,15.0
treatment,staked_10,9,refuse,False,85.0,85.0,0.0
treatment,staked_11,9,refuse,False,55.0,55.0,0.0
treatment,staked_12,9,refuse,False,85.0,85.0,0.0
treatment,staked_13,9,execute,True,55.0,40.0,15.0
treatment,staked_14,9,execute,True,40.0,25.0,15.0
treatment,staked_15,9,refuse,False,85.0,85.0,0.0
treatment,staked_16,9,refuse,False,85.0,85.0,0.0
treatment,staked_17,9,execute,True,100.0,85.0,15.0
treatment,staked_18,9,execute,True,70.0,55.0,15.0
treatment,staked_19,9,refuse,False,70.0,70.0,0.0
treatment,staked_0,10,refuse,False,100.0,100.0,0.0
treatment,staked_1,10,refuse,False,100.0,100.0,0.0
treatment,staked_2,10,refuse,False,55.0,55.0,0.0
treatment,staked_3,10,refuse,False,55.0,55.0,0.0
treatment,staked_4,10,refuse,False,70.0,70.0,0.0
treatment,staked_5,10,refuse,False,70.0,70.0,0.0
treatment,staked_6,10,refuse,False,70.0,70.0,0.0
treatment,staked_7,10,refuse,False,55.0,55.0,0.0
treatment,staked_8,10,refuse,False,85.0,85.0,0.0
treatment,staked_9,10,refuse,False,55.0,55.0,0.0
treatment,staked_10,10,execute,True,85.0,70.0,15.0
treatment,staked_11,10,refuse,False,55.0,55.0,0.0
treatment,staked_12,10,refuse,False,85.0,85.0,0.0
treatment,staked_13,10,execute,True,40.0,25.0,15.0
treatment,staked_14,10,refuse,False,25.0,25.0,0.0
treatment,staked_15,10,refuse,False,85.0,85.0,0.0
treatment,staked_16,10,refuse,False,85.0,85.0,0.0
treatment,staked_17,10,refuse,False,85.0,85.0,0.0
treatment,staked_18,10,refuse,False,55.0,55.0,0.0
treatment,staked_19,10,execute,True,70.0,55.0,15.0
treatment,staked_0,11,refuse,False,100.0,100.0,0.0
treatment,staked_1,11,refuse,False,100.0,100.0,0.0
treatment,staked_2,11,refuse,False,55.0,55.0,0.0
treatment,staked_3,11,refuse,False,55.0,55.0,0.0
treatment,staked_4,11,refuse,False,70.0,70.0,0.0
treatment,staked_5,11,refuse,False,70.0,70.0,0.0
treatment,staked_6,11,refuse,False,70.0,70.0,0.0
treatment,staked_7,11,refuse,False,55.0,55.0,0.0
treatment,staked_8,11,execute,True,85.0,70.0,15.0
treatment,staked_9,11,execute,True,55.0,40.0,15.0
treatment,staked_10,11,refuse,False,70.0,70.0,0.0
treatment,staked_11,11,refuse,False,55.0,55.0,0.0
treatment,staked_12,11,execute,True,85.0,70.0,15.0
treatment,staked_13,11,refuse,False,25.0,25.0,0.0
treatment,staked_14,11,refuse,False,25.0,25.0,0.0
treatment,staked_15,11,refuse,False,85.0,85.0,0.0
treatment,staked_16,11,refuse,False,85.0,85.0,0.0
treatment,staked_17,11,refuse,False,85.0,85.0,0.0
treatment,staked_18,11,refuse,False,55.0,55.0,0.0
treatment,staked_19,11,refuse,False,55.0,55.0,0.0
treatment,staked_0,12,execute,True,100.0,85.0,15.0
treatment,staked_1,12,refuse,False,100.0,100.0,0.0
treatment,staked_2,12,refuse,False,55.0,55.0,0.0
treatment,staked_3,12,execute,True,55.0,40.0,15.0
treatment,staked_4,12,refuse,False,70.0,70.0,0.0
treatment,staked_5,12,refuse,False,70.0,70.0,0.0
treatment,staked_6,12,refuse,False,70.0,70.0,0.0
treatment,staked_7,12,execute,True,55.0,40.0,15.0
treatment,staked_8,12,refuse,False,70.0,70.0,0.0
treatment,staked_9,12,refuse,False,40.0,40.0,0.0
treatment,staked_10,12,refuse,False,70.0,70.0,0.0
treatment,staked_11,12,refuse,False,55.0,55.0,0.0
treatment,staked_12,12,refuse,False,70.0,70.0,0.0
treatment,staked_13,12,refuse,False,25.0,25.0,0.0
treatment,staked_14,12,refuse,False,25.0,25.0,0.0
treatment,staked_15,12,execute,True,85.0,70.0,15.0
treatment,staked_16,12,refuse,False,85.0,85.0,0.0
treatment,staked_17,12,refuse,False,85.0,85.0,0.0
treatment,staked_18,12,refuse,False,55.0,55.0,0.0
treatment,staked_19,12,refuse,False,55.0,55.0,0.0
treatment,staked_0,13,refuse,False,85.0,85.0,0.0
treatment,staked_1,13,refuse,False,100.0,100.0,0.0
treatment,staked_2,13,refuse,False,55.0,55.0,0.0
treatment,staked_3,13,refuse,False,40.0,40.0,0.0
treatment,staked_4,13,refuse,False,70.0,70.0,0.0
treatment,staked_5,13,refuse,False,70.0,70.0,0.0
treatment,staked_6,13,refuse,False,70.0,70.0,0.0
treatment,staked_7,13,refuse,False,40.0,40.0,0.0
treatment,staked_8,13,refuse,False,70.0,70.0,0.0
treatment,staked_9,13,refuse,False,40.0,40.0,0.0
treatment,staked_10,13,refuse,False,70.0,70.0,0.0
treatment,staked_11,13,refuse,False,55.0,55.0,0.0
treatment,staked_12,13,refuse,False,70.0,70.0,0.0
treatment,staked_13,13,refuse,False,25.0,25.0,0.0
treatment,staked_14,13,refuse,False,25.0,25.0,0.0
treatment,staked_15,13,refuse,False,70.0,70.0,0.0
treatment,staked_16,13,refuse,False,85.0,85.0,0.0
treatment,staked_17,13,refuse,False,85.0,85.0,0.0
treatment,staked_18,13,refuse,False,55.0,55.0,0.0
treatment,staked_19,13,refuse,False,55.0,55.0,0.0
treatment,staked_0,14,refuse,False,85.0,85.0,0.0
treatment,staked_1,14,refuse,False,100.0,100.0,0.0
treatment,staked_2,14,refuse,False,55.0,55.0,0.0
treatment,staked_3,14,execute,True,40.0,25.0,15.0
treatment,staked_4,14,refuse,False,70.0,70.0,0.0
treatment,staked_5,14,refuse,False,70.0,70.0,0.0
treatment,staked_6,14,execute,True,70.0,55.0,15.0
treatment,staked_7,14,refuse,False,40.0,40.0,0.0
treatment,staked_8,14,execute,True,70.0,55.0,15.0
treatment,staked_9,14,refuse,False,40.0,40.0,0.0
treatment,staked_10,14,execute,True,70.0,55.0,15.0
treatment,staked_11,14,refuse,False,55.0,55.0,0.0
treatment,staked_12,14,execute,True,70.0,55.0,15.0
treatment,staked_13,14,refuse,False,25.0,25.0,0.0
treatment,staked_14,14,execute,True,25.0,10.0,15.0
treatment,staked_15,14,refuse,False,70.0,70.0,0.0
treatment,staked_16,14,execute,True,85.0,70.0,15.0
treatment,staked_17,14,execute,True,85.0,70.0,15.0
treatment,staked_18,14,execute,True,55.0,40.0,15.0
treatment,staked_19,14,refuse,False,55.0,55.0,0.0
treatment,staked_0,15,refuse,False,85.0,85.0,0.0
treatment,staked_1,15,refuse,False,100.0,100.0,0.0
treatment,staked_2,15,execute,True,55.0,40.0,15.0
treatment,staked_3,15,refuse,False,25.0,25.0,0.0
treatment,staked_4,15,refuse,False,70.0,70.0,0.0
treatment,staked_5,15,refuse,False,70.0,70.0,0.0
treatment,staked_6,15,refuse,False,55.0,55.0,0.0
treatment,staked_7,15,refuse,False,40.0,40.0,0.0
treatment,staked_8,15,refuse,False,55.0,55.0,0.0
treatment,staked_9,15,refuse,False,40.0,40.0,0.0
treatment,staked_10,15,refuse,False,55.0,55.0,0.0
treatment,staked_11,15,refuse,False,55.0,55.0,0.0
treatment,staked_12,15,refuse,False,55.0,55.0,0.0
treatment,staked_13,15,refuse,False,25.0,25.0,0.0
treatment,staked_14,15,refuse,False,10.0,10.0,0.0
treatment,staked_15,15,refuse,False,70.0,70.0,0.0
treatment,staked_16,15,refuse,False,70.0,70.0,0.0
treatment,staked_17,15,execute,True,70.0,55.0,15.0
treatment,staked_18,15,refuse,False,40.0,40.0,0.0
treatment,staked_19,15,execute,True,55.0,40.0,15.0
treatment,staked_0,16,execute,True,85.0,70.0,15.0
treatment,staked_1,16,refuse,False,100.0,100.0,0.0
treatment,staked_2,16,refuse,False,40.0,40.0,0.0
treatment,staked_3,16,refuse,False,25.0,25.0,0.0
treatment,staked_4,16,refuse,False,70.0,70.0,0.0
treatment,staked_5,16,refuse,False,70.0,70.0,0.0
treatment,staked_6,16,execute,True,55.0,40.0,15.0
treatment,staked_7,16,execute,True,40.0,25.0,15.0
treatment,staked_8,16,refuse,False,55.0,55.0,0.0
treatment,staked_9,16,refuse,False,40.0,40.0,0.0
treatment,staked_10,16,execute,True,55.0,40.0,15.0
treatment,staked_11,16,refuse,False,55.0,55.0,0.0
treatment,staked_12,16,refuse,False,55.0,55.0,0.0
treatment,staked_13,16,refuse,False,25.0,25.0,0.0
treatment,staked_14,16,execute,True,10.0,0.0,10.0
treatment,staked_15,16,refuse,False,70.0,70.0,0.0
treatment,staked_16,16,refuse,False,70.0,70.0,0.0
treatment,staked_17,16,execute,True,55.0,40.0,15.0
treatment,staked_18,16,refuse,False,40.0,40.0,0.0
treatment,staked_19,16,refuse,False,40.0,40.0,0.0
treatment,staked_0,17,execute,True,70.0,55.0,15.0
treatment,staked_1,17,refuse,False,100.0,100.0,0.0
treatment,staked_2,17,refuse,False,40.0,40.0,0.0
treatment,staked_3,17,refuse,False,25.0,25.0,0.0
treatment,staked_4,17,refuse,False,70.0,70.0,0.0
treatment,staked_5,17,refuse,False,70.0,70.0,0.0
treatment,staked_6,17,refuse,False,40.0,40.0,0.0
treatment,staked_7,17,execute,True,25.0,10.0,15.0
treatment,staked_8,17,refuse,False,55.0,55.0,0.0
treatment,staked_9,17,refuse,False,40.0,40.0,0.0
treatment,staked_10,17,refuse,False,40.0,40.0,0.0
treatment,staked_11,17,refuse,False,55.0,55.0,0.0
treatment,staked_12,17,refuse,False,55.0,55.0,0.0
treatment,staked_13,17,execute,True,25.0,10.0,15.0
treatment,staked_14,17,refuse,False,0.0,0.0,0.0
treatment,staked_15,17,refuse,False,70.0,70.0,0.0
treatment,staked_16,17,refuse,False,70.0,70.0,0.0
treatment,staked_17,17,refuse,False,40.0,40.0,0.0
treatment,staked_18,17,execute,True,40.0,25.0,15.0
treatment,staked_19,17,refuse,False,40.0,40.0,0.0
treatment,staked_0,18,refuse,False,55.0,55.0,0.0
treatment,staked_1,18,execute,True,100.0,85.0,15.0
treatment,staked_2,18,refuse,False,40.0,40.0,0.0
treatment,staked_3,18,refuse,False,25.0,25.0,0.0
treatment,staked_4,18,refuse,False,70.0,70.0,0.0
treatment,staked_5,18,refuse,False,70.0,70.0,0.0
treatment,staked_6,18,refuse,False,40.0,40.0,0.0
treatment,staked_7,18,execute,True,10.0,0.0,10.0
treatment,staked_8,18,refuse,False,55.0,55.0,0.0
treatment,staked_9,18,refuse,False,40.0,40.0,0.0
treatment,staked_10,18,execute,True,40.0,25.0,15.0
treatment,staked_11,18,refuse,False,55.0,55.0,0.0
treatment,staked_12,18,refuse,False,55.0,55.0,0.0
treatment,staked_13,18,refuse,False,10.0,10.0,0.0
treatment,staked_14,18,execute,True,0.0,0.0,0.0
treatment,staked_15,18,refuse,False,70.0,70.0,0.0
treatment,staked_16,18,refuse,False,70.0,70.0,0.0
treatment,staked_17,18,refuse,False,40.0,40.0,0.0
treatment,staked_18,18,execute,True,25.0,10.0,15.0
treatment,staked_19,18,refuse,False,40.0,40.0,0.0
treatment,staked_0,19,refuse,False,55.0,55.0,0.0
treatment,staked_1,19,refuse,False,85.0,85.0,0.0
treatment,staked_2,19,refuse,False,40.0,40.0,0.0
treatment,staked_3,19,refuse,False,25.0,25.0,0.0
treatment,staked_4,19,execute,True,70.0,55.0,15.0
treatment,staked_5,19,refuse,False,70.0,70.0,0.0
treatment,staked_6,19,refuse,False,40.0,40.0,0.0
treatment,staked_7,19,refuse,False,0.0,0.0,0.0
treatment,staked_8,19,refuse,False,55.0,55.0,0.0
treatment,staked_9,19,execute,True,40.0,25.0,15.0
treatment,staked_10,19,refuse,False,25.0,25.0,0.0
treatment,staked_11,19,refuse,False,55.0,55.0,0.0
treatment,staked_12,19,execute,True,55.0,40.0,15.0
treatment,staked_13,19,refuse,False,10.0,10.0,0.0
treatment,staked_14,19,refuse,False,0.0,0.0,0.0
treatment,staked_15,19,refuse,False,70.0,70.0,0.0
treatment,staked_16,19,refuse,False,70.0,70.0,0.0
treatment,staked_17,19,refuse,False,40.0,40.0,0.0
treatment,staked_18,19,execute,True,10.0,0.0,10.0
treatment,staked_19,19,refuse,False,40.0,40.0,0.0
treatment,staked_0,20,refuse,False,55.0,55.0,0.0
treatment,staked_1,20,refuse,False,85.0,85.0,0.0
treatment,staked_2,20,execute,True,40.0,25.0,15.0
treatment,staked_3,20,refuse,False,25.0,25.0,0.0
treatment,staked_4,20,refuse,False,55.0,55.0,0.0
treatment,staked_5,20,refuse,False,70.0,70.0,0.0
treatment,staked_6,20,refuse,False,40.0,40.0,0.0
treatment,staked_7,20,execute,True,0.0,0.0,0.0
treatment,staked_8,20,refuse,False,55.0,55.0,0.0
treatment,staked_9,20,refuse,False,25.0,25.0,0.0
treatment,staked_10,20,refuse,False,25.0,25.0,0.0
treatment,staked_11,20,refuse,False,55.0,55.0,0.0
treatment,staked_12,20,refuse,False,40.0,40.0,0.0
treatment,staked_13,20,refuse,False,10.0,10.0,0.0
treatment,staked_14,20,refuse,False,0.0,0.0,0.0
treatment,staked_15,20,refuse,False,70.0,70.0,0.0
treatment,staked_16,20,refuse,False,70.0,70.0,0.0
treatment,staked_17,20,refuse,False,40.0,40.0,0.0
treatment,staked_18,20,execute,True,0.0,0.0,0.0
treatment,staked_19,20,refuse,False,40.0,40.0,0.0
treatment,staked_0,21,refuse,False,55.0,55.0,0.0
treatment,staked_1,21,refuse,False,85.0,85.0,0.0
treatment,staked_2,21,refuse,False,25.0,25.0,0.0
treatment,staked_3,21,refuse,False,25.0,25.0,0.0
treatment,staked_4,21,refuse,False,55.0,55.0,0.0
treatment,staked_5,21,refuse,False,70.0,70.0,0.0
treatment,staked_6,21,refuse,False,40.0,40.0,0.0
treatment,staked_7,21,execute,True,0.0,0.0,0.0
treatment,staked_8,21,refuse,False,55.0,55.0,0.0
treatment,staked_9,21,refuse,False,25.0,25.0,0.0
treatment,staked_10,21,refuse,False,25.0,25.0,0.0
treatment,staked_11,21,refuse,False,55.0,55.0,0.0
treatment,staked_12,21,refuse,False,40.0,40.0,0.0
treatment,staked_13,21,refuse,False,10.0,10.0,0.0
treatment,staked_14,21,execute,True,0.0,0.0,0.0
treatment,staked_15,21,refuse,False,70.0,70.0,0.0
treatment,staked_16,21,refuse,False,70.0,70.0,0.0
treatment,staked_17,21,refuse,False,40.0,40.0,0.0
treatment,staked_18,21,refuse,False,0.0,0.0,0.0
treatment,staked_19,21,refuse,False,40.0,40.0,0.0
treatment,staked_0,22,execute,True,55.0,40.0,15.0
treatment,staked_1,22,refuse,False,85.0,85.0,0.0
treatment,staked_2,22,refuse,False,25.0,25.0,0.0
treatment,staked_3,22,refuse,False,25.0,25.0,0.0
treatment,staked_4,22,refuse,False,55.0,55.0,0.0
treatment,staked_5,22,refuse,False,70.0,70.0,0.0
treatment,staked_6,22,refuse,False,40.0,40.0,0.0
treatment,staked_7,22,execute,True,0.0,0.0,0.0
treatment,staked_8,22,execute,True,55.0,40.0,15.0
treatment,staked_9,22,refuse,False,25.0,25.0,0.0
treatment,staked_10,22,refuse,False,25.0,25.0,0.0
treatment,staked_11,22,refuse,False,55.0,55.0,0.0
treatment,staked_12,22,refuse,False,40.0,40.0,0.0
treatment,staked_13,22,execute,True,10.0,0.0,10.0
treatment,staked_14,22,execute,True,0.0,0.0,0.0
treatment,staked_15,22,execute,True,70.0,55.0,15.0
treatment,staked_16,22,refuse,False,70.0,70.0,0.0
treatment,staked_17,22,refuse,False,40.0,40.0,0.0
treatment,staked_18,22,execute,True,0.0,0.0,0.0
treatment,staked_19,22,refuse,False,40.0,40.0,0.0
treatment,staked_0,23,execute,True,40.0,25.0,15.0
treatment,staked_1,23,refuse,False,85.0,85.0,0.0
treatment,staked_2,23,execute,True,25.0,10.0,15.0
treatment,staked_3,23,refuse,False,25.0,25.0,0.0
treatment,staked_4,23,refuse,False,55.0,55.0,0.0
treatment,staked_5,23,refuse,False,70.0,70.0,0.0
treatment,staked_6,23,refuse,False,40.0,40.0,0.0
treatment,staked_7,23,refuse,False,0.0,0.0,0.0
treatment,staked_8,23,execute,True,40.0,25.0,15.0
treatment,staked_9,23,refuse,False,25.0,25.0,0.0
treatment,staked_10,23,refuse,False,25.0,25.0,0.0
treatment,staked_11,23,refuse,False,55.0,55.0,0.0
treatment,staked_12,23,refuse,False,40.0,40.0,0.0
treatment,staked_13,23,execute,True,0.0,0.0,0.0
treatment,staked_14,23,refuse,False,0.0,0.0,0.0
treatment,staked_15,23,refuse,False,55.0,55.0,0.0
treatment,staked_16,23,execute,True,70.0,55.0,15.0
treatment,staked_17,23,refuse,False,40.0,40.0,0.0
treatment,staked_18,23,refuse,False,0.0,0.0,0.0
treatment,staked_19,23,refuse,False,40.0,40.0,0.0
treatment,staked_0,24,refuse,False,25.0,25.0,0.0
treatment,staked_1,24,refuse,False,85.0,85.0,0.0
treatment,staked_2,24,execute,True,10.0,0.0,10.0
treatment,staked_3,24,refuse,False,25.0,25.0,0.0
treatment,staked_4,24,refuse,False,55.0,55.0,0.0
treatment,staked_5,24,refuse,False,70.0,70.0,0.0
treatment,staked_6,24,refuse,False,40.0,40.0,0.0
treatment,staked_7,24,execute,True,0.0,0.0,0.0
treatment,staked_8,24,refuse,False,25.0,25.0,0.0
treatment,staked_9,24,refuse,False,25.0,25.0,0.0
treatment,staked_10,24,refuse,False,25.0,25.0,0.0
treatment,staked_11,24,execute,True,55.0,40.0,15.0
treatment,staked_12,24,refuse,False,40.0,40.0,0.0
treatment,staked_13,24,refuse,False,0.0,0.0,0.0
treatment,staked_14,24,refuse,False,0.0,0.0,0.0
treatment,staked_15,24,execute,True,55.0,40.0,15.0
treatment,staked_16,24,execute,True,55.0,40.0,15.0
treatment,staked_17,24,refuse,False,40.0,40.0,0.0
treatment,staked_18,24,refuse,False,0.0,0.0,0.0
treatment,staked_19,24,refuse,False,40.0,40.0,0.0
treatment,staked_0,25,refuse,False,25.0,25.0,0.0
treatment,staked_1,25,refuse,False,85.0,85.0,0.0
treatment,staked_2,25,execute,True,0.0,0.0,0.0
treatment,staked_3,25,refuse,False,25.0,25.0,0.0
treatment,staked_4,25,refuse,False,55.0,55.0,0.0
treatment,staked_5,25,refuse,False,70.0,70.0,0.0
treatment,staked_6,25,refuse,False,40.0,40.0,0.0
treatment,staked_7,25,execute,True,0.0,0.0,0.0
treatment,staked_8,25,execute,True,25.0,10.0,15.0
treatment,staked_9,25,execute,True,25.0,10.0,15.0
treatment,staked_10,25,refuse,False,25.0,25.0,0.0
treatment,staked_11,25,refuse,False,40.0,40.0,0.0
treatment,staked_12,25,execute,True,40.0,25.0,15.0
treatment,staked_13,25,refuse,False,0.0,0.0,0.0
treatment,staked_14,25,execute,True,0.0,0.0,0.0
treatment,staked_15,25,refuse,False,40.0,40.0,0.0
treatment,staked_16,25,refuse,False,40.0,40.0,0.0
treatment,staked_17,25,refuse,False,40.0,40.0,0.0
treatment,staked_18,25,refuse,False,0.0,0.0,0.0
treatment,staked_19,25,refuse,False,40.0,40.0,0.0
treatment,staked_0,26,execute,True,25.0,10.0,15.0
treatment,staked_1,26,refuse,False,85.0,85.0,0.0
treatment,staked_2,26,execute,True,0.0,0.0,0.0
treatment,staked_3,26,execute,True,25.0,10.0,15.0
treatment,staked_4,26,refuse,False,55.0,55.0,0.0
treatment,staked_5,26,refuse,False,70.0,70.0,0.0
treatment,staked_6,26,refuse,False,40.0,40.0,0.0
treatment,staked_7,26,execute,True,0.0,0.0,0.0
treatment,staked_8,26,refuse,False,10.0,10.0,0.0
treatment,staked_9,26,refuse,False,10.0,10.0,0.0
treatment,staked_10,26,refuse,False,25.0,25.0,0.0
treatment,staked_11,26,refuse,False,40.0,40.0,0.0
treatment,staked_12,26,refuse,False,25.0,25.0,0.0
treatment,staked_13,26,execute,True,0.0,0.0,0.0
treatment,staked_14,26,refuse,False,0.0,0.0,0.0
treatment,staked_15,26,refuse,False,40.0,40.0,0.0
treatment,staked_16,26,refuse,False,40.0,40.0,0.0
treatment,staked_17,26,refuse,False,40.0,40.0,0.0
treatment,staked_18,26,refuse,False,0.0,0.0,0.0
treatment,staked_19,26,refuse,False,40.0,40.0,0.0
treatment,staked_0,27,refuse,False,10.0,10.0,0.0
treatment,staked_1,27,refuse,False,85.0,85.0,0.0
treatment,staked_2,27,execute,True,0.0,0.0,0.0
treatment,staked_3,27,refuse,False,10.0,10.0,0.0
treatment,staked_4,27,refuse,False,55.0,55.0,0.0
treatment,staked_5,27,refuse,False,70.0,70.0,0.0
treatment,staked_6,27,refuse,False,40.0,40.0,0.0
treatment,staked_7,27,execute,True,0.0,0.0,0.0
treatment,staked_8,27,refuse,False,10.0,10.0,0.0
treatment,staked_9,27,refuse,False,10.0,10.0,0.0
treatment,staked_10,27,refuse,False,25.0,25.0,0.0
treatment,staked_11,27,refuse,False,40.0,40.0,0.0
treatment,staked_12,27,refuse,False,25.0,25.0,0.0
treatment,staked_13,27,refuse,False,0.0,0.0,0.0
treatment,staked_14,27,refuse,False,0.0,0.0,0.0
treatment,staked_15,27,refuse,False,40.0,40.0,0.0
treatment,staked_16,27,refuse,False,40.0,40.0,0.0
treatment,staked_17,27,refuse,False,40.0,40.0,0.0
treatment,staked_18,27,execute,True,0.0,0.0,0.0
treatment,staked_19,27,refuse,False,40.0,40.0,0.0
treatment,staked_0,28,refuse,False,10.0,10.0,0.0
treatment,staked_1,28,refuse,False,85.0,85.0,0.0
treatment,staked_2,28,refuse,False,0.0,0.0,0.0
treatment,staked_3,28,refuse,False,10.0,10.0,0.0
treatment,staked_4,28,refuse,False,55.0,55.0,0.0
treatment,staked_5,28,refuse,False,70.0,70.0,0.0
treatment,staked_6,28,execute,True,40.0,25.0,15.0
treatment,staked_7,28,refuse,False,0.0,0.0,0.0
treatment,staked_8,28,execute,True,10.0,0.0,10.0
treatment,staked_9,28,execute,True,10.0,0.0,10.0
treatment,staked_10,28,refuse,False,25.0,25.0,0.0
treatment,staked_11,28,refuse,False,40.0,40.0,0.0
treatment,staked_12,28,refuse,False,25.0,25.0,0.0
treatment,staked_13,28,refuse,False,0.0,0.0,0.0
treatment,staked_14,28,execute,True,0.0,0.0,0.0
treatment,staked_15,28,refuse,False,40.0,40.0,0.0
treatment,staked_16,28,refuse,False,40.0,40.0,0.0
treatment,staked_17,28,refuse,False,40.0,40.0,0.0
treatment,staked_18,28,refuse,False,0.0,0.0,0.0
treatment,staked_19,28,refuse,False,40.0,40.0,0.0
treatment,staked_0,29,execute,True,10.0,0.0,10.0
treatment,staked_1,29,refuse,False,85.0,85.0,0.0
treatment,staked_2,29,execute,True,0.0,0.0,0.0
treatment,staked_3,29,execute,True,10.0,0.0,10.0
treatment,staked_4,29,refuse,False,55.0,55.0,0.0
treatment,staked_5,29,execute,True,70.0,55.0,15.0
treatment,staked_6,29,refuse,False,25.0,25.0,0.0
treatment,staked_7,29,execute,True,0.0,0.0,0.0
treatment,staked_8,29,refuse,False,0.0,0.0,0.0
treatment,staked_9,29,refuse,False,0.0,0.0,0.0
treatment,staked_10,29,refuse,False,25.0,25.0,0.0
treatment,staked_11,29,refuse,False,40.0,40.0,0.0
treatment,staked_12,29,refuse,False,25.0,25.0,0.0
treatment,staked_13,29,refuse,False,0.0,0.0,0.0
treatment,staked_14,29,execute,True,0.0,0.0,0.0
treatment,staked_15,29,refuse,False,40.0,40.0,0.0
treatment,staked_16,29,execute,True,40.0,25.0,15.0
treatment,staked_17,29,execute,True,40.0,25.0,15.0
treatment,staked_18,29,execute,True,0.0,0.0,0.0
treatment,staked_19,29,execute,True,40.0,25.0,15.0
treatment,staked_0,30,execute,True,0.0,0.0,0.0
treatment,staked_1,30,refuse,False,85.0,85.0,0.0
treatment,staked_2,30,refuse,False,0.0,0.0,0.0
treatment,staked_3,30,refuse,False,0.0,0.0,0.0
treatment,staked_4,30,refuse,False,55.0,55.0,0.0
treatment,staked_5,30,refuse,False,55.0,55.0,0.0
treatment,staked_6,30,refuse,False,25.0,25.0,0.0
treatment,staked_7,30,refuse,False,0.0,0.0,0.0
treatment,staked_8,30,execute,True,0.0,0.0,0.0
treatment,staked_9,30,execute,True,0.0,0.0,0.0
treatment,staked_10,30,refuse,False,25.0,25.0,0.0
treatment,staked_11,30,refuse,False,40.0,40.0,0.0
treatment,staked_12,30,execute,True,25.0,10.0,15.0
treatment,staked_13,30,refuse,False,0.0,0.0,0.0
treatment,staked_14,30,execute,True,0.0,0.0,0.0
treatment,staked_15,30,refuse,False,40.0,40.0,0.0
treatment,staked_16,30,refuse,False,25.0,25.0,0.0
treatment,staked_17,30,execute,True,25.0,10.0,15.0
treatment,staked_18,30,refuse,False,0.0,0.0,0.0
treatment,staked_19,30,refuse,False,25.0,25.0,0.0
treatment,staked_0,31,execute,True,0.0,0.0,0.0
treatment,staked_1,31,refuse,False,85.0,85.0,0.0
treatment,staked_2,31,refuse,False,0.0,0.0,0.0
treatment,staked_3,31,refuse,False,0.0,0.0,0.0
treatment,staked_4,31,refuse,False,55.0,55.0,0.0
treatment,staked_5,31,execute,True,55.0,40.0,15.0
treatment,staked_6,31,refuse,False,25.0,25.0,0.0
treatment,staked_7,31,execute,True,0.0,0.0,0.0
treatment,staked_8,31,execute,True,0.0,0.0,0.0
treatment,staked_9,31,refuse,False,0.0,0.0,0.0
treatment,staked_10,31,refuse,False,25.0,25.0,0.0
treatment,staked_11,31,refuse,False,40.0,40.0,0.0
treatment,staked_12,31,refuse,False,10.0,10.0,0.0
treatment,staked_13,31,refuse,False,0.0,0.0,0.0
treatment,staked_14,31,refuse,False,0.0,0.0,0.0
treatment,staked_15,31,execute,True,40.0,25.0,15.0
treatment,staked_16,31,execute,True,25.0,10.0,15.0
treatment,staked_17,31,refuse,False,10.0,10.0,0.0
treatment,staked_18,31,refuse,False,0.0,0.0,0.0
treatment,staked_19,31,refuse,False,25.0,25.0,0.0
treatment,staked_0,32,refuse,False,0.0,0.0,0.0
treatment,staked_1,32,refuse,False,85.0,85.0,0.0
treatment,staked_2,32,refuse,False,0.0,0.0,0.0
treatment,staked_3,32,refuse,False,0.0,0.0,0.0
treatment,staked_4,32,execute,True,55.0,40.0,15.0
treatment,staked_5,32,refuse,False,40.0,40.0,0.0
treatment,staked_6,32,refuse,False,25.0,25.0,0.0
treatment,staked_7,32,refuse,False,0.0,0.0,0.0
treatment,staked_8,32,execute,True,0.0,0.0,0.0
treatment,staked_9,32,refuse,False,0.0,0.0,0.0
treatment,staked_10,32,refuse,False,25.0,25.0,0.0
treatment,staked_11,32,refuse,False,40.0,40.0,0.0
treatment,staked_12,32,refuse,False,10.0,10.0,0.0
treatment,staked_13,32,execute,True,0.0,0.0,0.0
treatment,staked_14,32,execute,True,0.0,0.0,0.0
treatment,staked_15,32,execute,True,25.0,10.0,15.0
treatment,staked_16,32,refuse,False,10.0,10.0,0.0
treatment,staked_17,32,refuse,False,10.0,10.0,0.0
treatment,staked_18,32,refuse,False,0.0,0.0,0.0
treatment,staked_19,32,execute,True,25.0,10.0,15.0
treatment,staked_0,33,refuse,False,0.0,0.0,0.0
treatment,staked_1,33,refuse,False,85.0,85.0,0.0
treatment,staked_2,33,execute,True,0.0,0.0,0.0
treatment,staked_3,33,execute,True,0.0,0.0,0.0
treatment,staked_4,33,refuse,False,40.0,40.0,0.0
treatment,staked_5,33,refuse,False,40.0,40.0,0.0
treatment,staked_6,33,execute,True,25.0,10.0,15.0
treatment,staked_7,33,refuse,False,0.0,0.0,0.0
treatment,staked_8,33,refuse,False,0.0,0.0,0.0
treatment,staked_9,33,execute,True,0.0,0.0,0.0
treatment,staked_10,33,refuse,False,25.0,25.0,0.0
treatment,staked_11,33,refuse,False,40.0,40.0,0.0
treatment,staked_12,33,refuse,False,10.0,10.0,0.0
treatment,staked_13,33,execute,True,0.0,0.0,0.0
treatment,staked_14,33,execute,True,0.0,0.0,0.0
treatment,staked_15,33,refuse,False,10.0,10.0,0.0
treatment,staked_16,33,execute,True,10.0,0.0,10.0
treatment,staked_17,33,refuse,False,10.0,10.0,0.0
treatment,staked_18,33,refuse,False,0.0,0.0,0.0
treatment,staked_19,33,execute,True,10.0,0.0,10.0
treatment,staked_0,34,execute,True,0.0,0.0,0.0
treatment,staked_1,34,refuse,False,85.0,85.0,0.0
treatment,staked_2,34,execute,True,0.0,0.0,0.0
treatment,staked_3,34,execute,True,0.0,0.0,0.0
treatment,staked_4,34,refuse,False,40.0,40.0,0.0
treatment,staked_5,34,refuse,False,40.0,40.0,0.0
treatment,staked_6,34,refuse,False,10.0,10.0,0.0
treatment,staked_7,34,refuse,False,0.0,0.0,0.0
treatment,staked_8,34,execute,True,0.0,0.0,0.0
treatment,staked_9,34,refuse,False,0.0,0.0,0.0
treatment,staked_10,34,refuse,False,25.0,25.0,0.0
treatment,staked_11,34,refuse,False,40.0,40.0,0.0
treatment,staked_12,34,refuse,False,10.0,10.0,0.0
treatment,staked_13,34,execute,True,0.0,0.0,0.0
treatment,staked_14,34,execute,True,0.0,0.0,0.0
treatment,staked_15,34,execute,True,10.0,0.0,10.0
treatment,staked_16,34,execute,True,0.0,0.0,0.0
treatment,staked_17,34,refuse,False,10.0,10.0,0.0
treatment,staked_18,34,refuse,False,0.0,0.0,0.0
treatment,staked_19,34,refuse,False,0.0,0.0,0.0
treatment,staked_0,35,execute,True,0.0,0.0,0.0
treatment,staked_1,35,refuse,False,85.0,85.0,0.0
treatment,staked_2,35,refuse,False,0.0,0.0,0.0
treatment,staked_3,35,execute,True,0.0,0.0,0.0
treatment,staked_4,35,refuse,False,40.0,40.0,0.0
treatment,staked_5,35,refuse,False,40.0,40.0,0.0
treatment,staked_6,35,refuse,False,10.0,10.0,0.0
treatment,staked_7,35,refuse,False,0.0,0.0,0.0
treatment,staked_8,35,execute,True,0.0,0.0,0.0
treatment,staked_9,35,refuse,False,0.0,0.0,0.0
treatment,staked_10,35,refuse,False,25.0,25.0,0.0
treatment,staked_11,35,refuse,False,40.0,40.0,0.0
treatment,staked_12,35,execute,True,10.0,0.0,10.0
treatment,staked_13,35,refuse,False,0.0,0.0,0.0
treatment,staked_14,35,refuse,False,0.0,0.0,0.0
treatment,staked_15,35,execute,True,0.0,0.0,0.0
treatment,staked_16,35,execute,True,0.0,0.0,0.0
treatment,staked_17,35,refuse,False,10.0,10.0,0.0
treatment,staked_18,35,execute,True,0.0,0.0,0.0
treatment,staked_19,35,refuse,False,0.0,0.0,0.0
treatment,staked_0,36,execute,True,0.0,0.0,0.0
treatment,staked_1,36,refuse,False,85.0,85.0,0.0
treatment,staked_2,36,refuse,False,0.0,0.0,0.0
treatment,staked_3,36,execute,True,0.0,0.0,0.0
treatment,staked_4,36,execute,True,40.0,25.0,15.0
treatment,staked_5,36,refuse,False,40.0,40.0,0.0
treatment,staked_6,36,refuse,False,10.0,10.0,0.0
treatment,staked_7,36,refuse,False,0.0,0.0,0.0
treatment,staked_8,36,refuse,False,0.0,0.0,0.0
treatment,staked_9,36,refuse,False,0.0,0.0,0.0
treatment,staked_10,36,execute,True,25.0,10.0,15.0
treatment,staked_11,36,execute,True,40.0,25.0,15.0
treatment,staked_12,36,execute,True,0.0,0.0,0.0
treatment,staked_13,36,execute,True,0.0,0.0,0.0
treatment,staked_14,36,execute,True,0.0,0.0,0.0
treatment,staked_15,36,refuse,False,0.0,0.0,0.0
treatment,staked_16,36,refuse,False,0.0,0.0,0.0
treatment,staked_17,36,execute,True,10.0,0.0,10.0
treatment,staked_18,36,refuse,False,0.0,0.0,0.0
treatment,staked_19,36,execute,True,0.0,0.0,0.0
treatment,staked_0,37,refuse,False,0.0,0.0,0.0
treatment,staked_1,37,execute,True,85.0,70.0,15.0
treatment,staked_2,37,execute,True,0.0,0.0,0.0
treatment,staked_3,37,refuse,False,0.0,0.0,0.0
treatment,staked_4,37,refuse,False,25.0,25.0,0.0
treatment,staked_5,37,execute,True,40.0,25.0,15.0
treatment,staked_6,37,refuse,False,10.0,10.0,0.0
treatment,staked_7,37,execute,True,0.0,0.0,0.0
treatment,staked_8,37,execute,True,0.0,0.0,0.0
treatment,staked_9,37,execute,True,0.0,0.0,0.0
treatment,staked_10,37,refuse,False,10.0,10.0,0.0
treatment,staked_11,37,refuse,False,25.0,25.0,0.0
treatment,staked_12,37,execute,True,0.0,0.0,0.0
treatment,staked_13,37,execute,True,0.0,0.0,0.0
treatment,staked_14,37,execute,True,0.0,0.0,0.0
treatment,staked_15,37,refuse,False,0.0,0.0,0.0
treatment,staked_16,37,refuse,False,0.0,0.0,0.0
treatment,staked_17,37,execute,True,0.0,0.0,0.0
treatment,staked_18,37,execute,True,0.0,0.0,0.0
treatment,staked_19,37,refuse,False,0.0,0.0,0.0
treatment,staked_0,38,execute,True,0.0,0.0,0.0
treatment,staked_1,38,refuse,False,70.0,70.0,0.0
treatment,staked_2,38,refuse,False,0.0,0.0,0.0
treatment,staked_3,38,execute,True,0.0,0.0,0.0
treatment,staked_4,38,execute,True,25.0,10.0,15.0
treatment,staked_5,38,refuse,False,25.0,25.0,0.0
treatment,staked_6,38,refuse,False,10.0,10.0,0.0
treatment,staked_7,38,execute,True,0.0,0.0,0.0
treatment,staked_8,38,execute,True,0.0,0.0,0.0
treatment,staked_9,38,execute,True,0.0,0.0,0.0
treatment,staked_10,38,refuse,False,10.0,10.0,0.0
treatment,staked_11,38,refuse,False,25.0,25.0,0.0
treatment,staked_12,38,execute,True,0.0,0.0,0.0
treatment,staked_13,38,refuse,False,0.0,0.0,0.0
treatment,staked_14,38,execute,True,0.0,0.0,0.0
treatment,staked_15,38,execute,True,0.0,0.0,0.0
treatment,staked_16,38,execute,True,0.0,0.0,0.0
treatment,staked_17,38,execute,True,0.0,0.0,0.0
treatment,staked_18,38,execute,True,0.0,0.0,0.0
treatment,staked_19,38,execute,True,0.0,0.0,0.0
treatment,staked_0,39,refuse,False,0.0,0.0,0.0
treatment,staked_1,39,refuse,False,70.0,70.0,0.0
treatment,staked_2,39,refuse,False,0.0,0.0,0.0
treatment,staked_3,39,refuse,False,0.0,0.0,0.0
treatment,staked_4,39,refuse,False,10.0,10.0,0.0
treatment,staked_5,39,refuse,False,25.0,25.0,0.0
treatment,staked_6,39,refuse,False,10.0,10.0,0.0
treatment,staked_7,39,refuse,False,0.0,0.0,0.0
treatment,staked_8,39,refuse,False,0.0,0.0,0.0
treatment,staked_9,39,refuse,False,0.0,0.0,0.0
treatment,staked_10,39,refuse,False,10.0,10.0,0.0
treatment,staked_11,39,refuse,False,25.0,25.0,0.0
treatment,staked_12,39,execute,True,0.0,0.0,0.0
treatment,staked_13,39,execute,True,0.0,0.0,0.0
treatment,staked_14,39,execute,True,0.0,0.0,0.0
treatment,staked_15,39,refuse,False,0.0,0.0,0.0
treatment,staked_16,39,refuse,False,0.0,0.0,0.0
treatment,staked_17,39,refuse,False,0.0,0.0,0.0
treatment,staked_18,39,execute,True,0.0,0.0,0.0
treatment,staked_19,39,refuse,False,0.0,0.0,0.0
treatment,staked_0,40,refuse,False,0.0,0.0,0.0
treatment,staked_1,40,refuse,False,70.0,70.0,0.0
treatment,staked_2,40,refuse,False,0.0,0.0,0.0
treatment,staked_3,40,refuse,False,0.0,0.0,0.0
treatment,staked_4,40,refuse,False,10.0,10.0,0.0
treatment,staked_5,40,refuse,False,25.0,25.0,0.0
treatment,staked_6,40,execute,True,10.0,0.0,10.0
treatment,staked_7,40,refuse,False,0.0,0.0,0.0
treatment,staked_8,40,execute,True,0.0,0.0,0.0
treatment,staked_9,40,execute,True,0.0,0.0,0.0
treatment,staked_10,40,execute,True,10.0,0.0,10.0
treatment,staked_11,40,refuse,False,25.0,25.0,0.0
treatment,staked_12,40,execute,True,0.0,0.0,0.0
treatment,staked_13,40,execute,True,0.0,0.0,0.0
treatment,staked_14,40,refuse,False,0.0,0.0,0.0
treatment,staked_15,40,execute,True,0.0,0.0,0.0
treatment,staked_16,40,refuse,False,0.0,0.0,0.0
treatment,staked_17,40,execute,True,0.0,0.0,0.0
treatment,staked_18,40,refuse,False,0.0,0.0,0.0
treatment,staked_19,40,execute,True,0.0,0.0,0.0
treatment,staked_0,41,refuse,False,0.0,0.0,0.0
treatment,staked_1,41,refuse,False,70.0,70.0,0.0
treatment,staked_2,41,refuse,False,0.0,0.0,0.0
treatment,staked_3,41,execute,True,0.0,0.0,0.0
treatment,staked_4,41,refuse,False,10.0,10.0,0.0
treatment,staked_5,41,refuse,False,25.0,25.0,0.0
treatment,staked_6,41,execute,True,0.0,0.0,0.0
treatment,staked_7,41,execute,True,0.0,0.0,0.0
treatment,staked_8,41,execute,True,0.0,0.0,0.0
treatment,staked_9,41,refuse,False,0.0,0.0,0.0
treatment,staked_10,41,refuse,False,0.0,0.0,0.0
treatment,staked_11,41,refuse,False,25.0,25.0,0.0
treatment,staked_12,41,execute,True,0.0,0.0,0.0
treatment,staked_13,41,execute,True,0.0,0.0,0.0
treatment,staked_14,41,execute,True,0.0,0.0,0.0
treatment,staked_15,41,execute,True,0.0,0.0,0.0
treatment,staked_16,41,execute,True,0.0,0.0,0.0
treatment,staked_17,41,execute,True,0.0,0.0,0.0
treatment,staked_18,41,execute,True,0.0,0.0,0.0
treatment,staked_19,41,refuse,False,0.0,0.0,0.0
treatment,staked_0,42,execute,True,0.0,0.0,0.0
treatment,staked_1,42,refuse,False,70.0,70.0,0.0
treatment,staked_2,42,execute,True,0.0,0.0,0.0
treatment,staked_3,42,refuse,False,0.0,0.0,0.0
treatment,staked_4,42,refuse,False,10.0,10.0,0.0
treatment,staked_5,42,refuse,False,25.0,25.0,0.0
treatment,staked_6,42,execute,True,0.0,0.0,0.0
treatment,staked_7,42,refuse,False,0.0,0.0,0.0
treatment,staked_8,42,execute,True,0.0,0.0,0.0
treatment,staked_9,42,execute,True,0.0,0.0,0.0
treatment,staked_10,42,refuse,False,0.0,0.0,0.0
treatment,staked_11,42,refuse,False,25.0,25.0,0.0
treatment,staked_12,42,refuse,False,0.0,0.0,0.0
treatment,staked_13,42,refuse,False,0.0,0.0,0.0
treatment,staked_14,42,execute,True,0.0,0.0,0.0
treatment,staked_15,42,execute,True,0.0,0.0,0.0
treatment,staked_16,42,refuse,False,0.0,0.0,0.0
treatment,staked_17,42,execute,True,0.0,0.0,0.0
treatment,staked_18,42,refuse,False,0.0,0.0,0.0
treatment,staked_19,42,refuse,False,0.0,0.0,0.0
treatment,staked_0,43,execute,True,0.0,0.0,0.0
treatment,staked_1,43,refuse,False,70.0,70.0,0.0
treatment,staked_2,43,refuse,False,0.0,0.0,0.0
treatment,staked_3,43,execute,True,0.0,0.0,0.0
treatment,staked_4,43,refuse,False,10.0,10.0,0.0
treatment,staked_5,43,refuse,False,25.0,25.0,0.0
treatment,staked_6,43,execute,True,0.0,0.0,0.0
treatment,staked_7,43,execute,True,0.0,0.0,0.0
treatment,staked_8,43,refuse,False,0.0,0.0,0.0
treatment,staked_9,43,execute,True,0.0,0.0,0.0
treatment,staked_10,43,refuse,False,0.0,0.0,0.0
treatment,staked_11,43,refuse,False,25.0,25.0,0.0
treatment,staked_12,43,execute,True,0.0,0.0,0.0
treatment,staked_13,43,refuse,False,0.0,0.0,0.0
treatment,staked_14,43,refuse,False,0.0,0.0,0.0
treatment,staked_15,43,execute,True,0.0,0.0,0.0
treatment,staked_16,43,refuse,False,0.0,0.0,0.0
treatment,staked_17,43,refuse,False,0.0,0.0,0.0
treatment,staked_18,43,refuse,False,0.0,0.0,0.0
treatment,staked_19,43,execute,True,0.0,0.0,0.0
treatment,staked_0,44,refuse,False,0.0,0.0,0.0
treatment,staked_1,44,refuse,False,70.0,70.0,0.0
treatment,staked_2,44,refuse,False,0.0,0.0,0.0
treatment,staked_3,44,execute,True,0.0,0.0,0.0
treatment,staked_4,44,refuse,False,10.0,10.0,0.0
treatment,staked_5,44,execute,True,25.0,10.0,15.0
treatment,staked_6,44,execute,True,0.0,0.0,0.0
treatment,staked_7,44,execute,True,0.0,0.0,0.0
treatment,staked_8,44,refuse,False,0.0,0.0,0.0
treatment,staked_9,44,refuse,False,0.0,0.0,0.0
treatment,staked_10,44,refuse,False,0.0,0.0,0.0
treatment,staked_11,44,refuse,False,25.0,25.0,0.0
treatment,staked_12,44,refuse,False,0.0,0.0,0.0
treatment,staked_13,44,execute,True,0.0,0.0,0.0
treatment,staked_14,44,execute,True,0.0,0.0,0.0
treatment,staked_15,44,execute,True,0.0,0.0,0.0
treatment,staked_16,44,execute,True,0.0,0.0,0.0
treatment,staked_17,44,execute,True,0.0,0.0,0.0
treatment,staked_18,44,refuse,False,0.0,0.0,0.0
treatment,staked_19,44,execute,True,0.0,0.0,0.0
treatment,staked_0,45,execute,True,0.0,0.0,0.0
treatment,staked_1,45,refuse,False,70.0,70.0,0.0
treatment,staked_2,45,refuse,False,0.0,0.0,0.0
treatment,staked_3,45,refuse,False,0.0,0.0,0.0
treatment,staked_4,45,refuse,False,10.0,10.0,0.0
treatment,staked_5,45,execute,True,10.0,0.0,10.0
treatment,staked_6,45,execute,True,0.0,0.0,0.0
treatment,staked_7,45,execute,True,0.0,0.0,0.0
treatment,staked_8,45,refuse,False,0.0,0.0,0.0
treatment,staked_9,45,execute,True,0.0,0.0,0.0
treatment,staked_10,45,refuse,False,0.0,0.0,0.0
treatment,staked_11,45,execute,True,25.0,10.0,15.0
treatment,staked_12,45,refuse,False,0.0,0.0,0.0
treatment,staked_13,45,execute,True,0.0,0.0,0.0
treatment,staked_14,45,execute,True,0.0,0.0,0.0
treatment,staked_15,45,execute,True,0.0,0.0,0.0
treatment,staked_16,45,execute,True,0.0,0.0,0.0
treatment,staked_17,45,refuse,False,0.0,0.0,0.0
treatment,staked_18,45,refuse,False,0.0,0.0,0.0
treatment,staked_19,45,execute,True,0.0,0.0,0.0
treatment,staked_0,46,execute,True,0.0,0.0,0.0
treatment,staked_1,46,refuse,False,70.0,70.0,0.0
treatment,staked_2,46,refuse,False,0.0,0.0,0.0
treatment,staked_3,46,refuse,False,0.0,0.0,0.0
treatment,staked_4,46,refuse,False,10.0,10.0,0.0
treatment,staked_5,46,execute,True,0.0,0.0,0.0
treatment,staked_6,46,refuse,False,0.0,0.0,0.0
treatment,staked_7,46,refuse,False,0.0,0.0,0.0
treatment,staked_8,46,execute,True,0.0,0.0,0.0
treatment,staked_9,46,refuse,False,0.0,0.0,0.0
treatment,staked_10,46,execute,True,0.0,0.0,0.0
treatment,staked_11,46,refuse,False,10.0,10.0,0.0
treatment,staked_12,46,refuse,False,0.0,0.0,0.0
treatment,staked_13,46,execute,True,0.0,0.0,0.0
treatment,staked_14,46,execute,True,0.0,0.0,0.0
treatment,staked_15,46,execute,True,0.0,0.0,0.0
treatment,staked_16,46,execute,True,0.0,0.0,0.0
treatment,staked_17,46,execute,True,0.0,0.0,0.0
treatment,staked_18,46,refuse,False,0.0,0.0,0.0
treatment,staked_19,46,execute,True,0.0,0.0,0.0
treatment,staked_0,47,execute,True,0.0,0.0,0.0
treatment,staked_1,47,refuse,False,70.0,70.0,0.0
treatment,staked_2,47,execute,True,0.0,0.0,0.0
treatment,staked_3,47,execute,True,0.0,0.0,0.0
treatment,staked_4,47,execute,True,10.0,0.0,10.0
treatment,staked_5,47,execute,True,0.0,0.0,0.0
treatment,staked_6,47,execute,True,0.0,0.0,0.0
treatment,staked_7,47,refuse,False,0.0,0.0,0.0
treatment,staked_8,47,execute,True,0.0,0.0,0.0
treatment,staked_9,47,refuse,False,0.0,0.0,0.0
treatment,staked_10,47,refuse,False,0.0,0.0,0.0
treatment,staked_11,47,execute,True,10.0,0.0,10.0
treatment,staked_12,47,refuse,False,0.0,0.0,0.0
treatment,staked_13,47,execute,True,0.0,0.0,0.0
treatment,staked_14,47,execute,True,0.0,0.0,0.0
treatment,staked_15,47,refuse,False,0.0,0.0,0.0
treatment,staked_16,47,refuse,False,0.0,0.0,0.0
treatment,staked_17,47,execute,True,0.0,0.0,0.0
treatment,staked_18,47,execute,True,0.0,0.0,0.0
treatment,staked_19,47,execute,True,0.0,0.0,0.0
treatment,staked_0,48,refuse,False,0.0,0.0,0.0
treatment,staked_1,48,refuse,False,70.0,70.0,0.0
treatment,staked_2,48,execute,True,0.0,0.0,0.0
treatment,staked_3,48,refuse,False,0.0,0.0,0.0
treatment,staked_4,48,execute,True,0.0,0.0,0.0
treatment,staked_5,48,execute,True,0.0,0.0,0.0
treatment,staked_6,48,refuse,False,0.0,0.0,0.0
treatment,staked_7,48,execute,True,0.0,0.0,0.0
treatment,staked_8,48,execute,True,0.0,0.0,0.0
treatment,staked_9,48,refuse,False,0.0,0.0,0.0
treatment,staked_10,48,refuse,False,0.0,0.0,0.0
treatment,staked_11,48,execute,True,0.0,0.0,0.0
treatment,staked_12,48,refuse,False,0.0,0.0,0.0
treatment,staked_13,48,execute,True,0.0,0.0,0.0
treatment,staked_14,48,execute,True,0.0,0.0,0.0
treatment,staked_15,48,execute,True,0.0,0.0,0.0
treatment,staked_16,48,execute,True,0.0,0.0,0.0
treatment,staked_17,48,refuse,False,0.0,0.0,0.0
treatment,staked_18,48,refuse,False,0.0,0.0,0.0
treatment,staked_19,48,refuse,False,0.0,0.0,0.0
treatment,staked_0,49,refuse,False,0.0,0.0,0.0
treatment,staked_1,49,refuse,False,70.0,70.0,0.0
treatment,staked_2,49,execute,True,0.0,0.0,0.0
treatment,staked_3,49,refuse,False,0.0,0.0,0.0
treatment,staked_4,49,refuse,False,0.0,0.0,0.0
treatment,staked_5,49,execute,True,0.0,0.0,0.0
treatment,staked_6,49,refuse,False,0.0,0.0,0.0
treatment,staked_7,49,refuse,False,0.0,0.0,0.0
treatment,staked_8,49,execute,True,0.0,0.0,0.0
treatment,staked_9,49,execute,True,0.0,0.0,0.0
treatment,staked_10,49,execute,True,0.0,0.0,0.0
treatment,staked_11,49,execute,True,0.0,0.0,0.0
treatment,staked_12,49,execute,True,0.0,0.0,0.0
treatment,staked_13,49,execute,True,0.0,0.0,0.0
treatment,staked_14,49,refuse,False,0.0,0.0,0.0
treatment,staked_15,49,execute,True,0.0,0.0,0.0
treatment,staked_16,49,execute,True,0.0,0.0,0.0
treatment,staked_17,49,execute,True,0.0,0.0,0.0
treatment,staked_18,49,execute,True,0.0,0.0,0.0
treatment,staked_19,49,refuse,False,0.0,0.0,0.0
treatment,staked_0,50,refuse,False,0.0,0.0,0.0
treatment,staked_1,50,refuse,False,70.0,70.0,0.0
treatment,staked_2,50,refuse,False,0.0,0.0,0.0
treatment,staked_3,50,refuse,False,0.0,0.0,0.0
treatment,staked_4,50,refuse,False,0.0,0.0,0.0
treatment,staked_5,50,refuse,False,0.0,0.0,0.0
treatment,staked_6,50,refuse,False,0.0,0.0,0.0
treatment,staked_7,50,execute,True,0.0,0.0,0.0
treatment,staked_8,50,refuse,False,0.0,0.0,0.0
treatment,staked_9,50,execute,True,0.0,0.0,0.0
treatment,staked_10,50,refuse,False,0.0,0.0,0.0
treatment,staked_11,50,execute,True,0.0,0.0,0.0
treatment,staked_12,50,refuse,False,0.0,0.0,0.0
treatment,staked_13,50,refuse,False,0.0,0.0,0.0
treatment,staked_14,50,execute,True,0.0,0.0,0.0
treatment,staked_15,50,execute,True,0.0,0.0,0.0
treatment,staked_16,50,refuse,False,0.0,0.0,0.0
treatment,staked_17,50,execute,True,0.0,0.0,0.0
treatment,staked_18,50,refuse,False,0.0,0.0,0.0
treatment,staked_19,50,refuse,False,0.0,0.0,0.0
